"Participant","Location","Study","HPPprior","HPP","totalStudies","Item","LookingTime","ItemCenter","ItemNovel",".fitted",".resid",".scresid"
"baby50996","Barcelona","Santolin, Saffran &
Sebastian-Galles (2019)",0,1,3,"Novel",6541,-0.5,-1,6397.60720591869,143.392794081312,0.0984009523820163
"baby50996","Barcelona","Santolin, Saffran &
Sebastian-Galles (2019)",0,1,3,"Novel",4770.83,0.5,0,5675.60510453221,-904.775104532207,-0.620887071403477
"baby51010","Barcelona","Santolin, Saffran &
Sebastian-Galles (2019)",0,1,1,"Novel",7654.67,-0.5,-1,7582.37603748471,72.2939625152867,0.0496105456940889
"baby51010","Barcelona","Santolin, Saffran &
Sebastian-Galles (2019)",0,1,1,"Novel",6785.17,0.5,0,6860.37393609823,-75.2039360982326,-0.0516074673232609
"baby51274","Barcelona","Santolin, Saffran &
Sebastian-Galles (2019)",0,1,3,"Novel",3580.25,-0.5,-1,5174.1782183308,-1593.9282183308,-1.09380708924175
"baby51274","Barcelona","Santolin, Saffran &
Sebastian-Galles (2019)",0,1,3,"Novel",4501.5,0.5,0,4452.17611694432,49.3238830556811,0.0338477055207251
"baby51689","Barcelona","Santolin, Saffran &
Sebastian-Galles (2019)",0,1,2,"Novel",7520.67,-0.5,-1,6875.47885329894,645.191146701059,0.442751839174209
"baby51689","Barcelona","Santolin, Saffran &
Sebastian-Galles (2019)",0,1,2,"Novel",5052.83,0.5,0,6153.47675191246,-1100.64675191246,-0.755300775874024
"baby52110","Barcelona","Santolin, Saffran &
Sebastian-Galles (2019)",0,1,1,"Novel",8974.83,-0.5,-1,10014.2729451297,-1039.44294512974,-0.71330066760213
"baby52110","Barcelona","Santolin, Saffran &
Sebastian-Galles (2019)",0,1,1,"Novel",11885.67,0.5,0,9292.27084374326,2593.39915625674,1.7796776226961
"baby53657","Barcelona","Santolin, Saffran &
Sebastian-Galles (2019)",0,1,3,"Novel",9755.17,-0.5,-1,7923.51110285799,1831.65889714201,1.25694586727673
"baby53657","Barcelona","Santolin, Saffran &
Sebastian-Galles (2019)",0,1,3,"Novel",5585.33,0.5,0,7201.50900147151,-1616.17900147151,-1.10907632411732
"baby53858","Barcelona","Santolin, Saffran &
Sebastian-Galles (2019)",0,1,1,"Novel",5321.17,-0.5,-1,5675.94212241585,-354.772122415854,-0.243456548482579
"baby53858","Barcelona","Santolin, Saffran &
Sebastian-Galles (2019)",0,1,1,"Novel",4085.33,0.5,0,4953.94002102937,-868.610021029373,-0.596069376187663
"baby53918","Barcelona","Santolin, Saffran &
Sebastian-Galles (2019)",0,1,1,"Novel",8838.67,-0.5,-1,7413.25916020675,1425.41083979325,0.978164802980049
"baby53918","Barcelona","Santolin, Saffran &
Sebastian-Galles (2019)",0,1,1,"Novel",5154.67,0.5,0,6691.25705882027,-1536.58705882027,-1.05445765928835
"baby54153","Barcelona","Santolin, Saffran &
Sebastian-Galles (2019)",0,1,1,"Novel",5755.17,-0.5,-1,7228.67367538561,-1473.50367538561,-1.0111677223761
"baby54153","Barcelona","Santolin, Saffran &
Sebastian-Galles (2019)",0,1,1,"Novel",7750.83,0.5,0,6506.67157399913,1244.15842600087,0.853783307710521
"baby54163","Barcelona","Santolin, Saffran &
Sebastian-Galles (2019)",0,1,1,"Novel",6388,-0.5,-1,7012.96917010051,-624.969170100509,-0.428874839501459
"baby54163","Barcelona","Santolin, Saffran &
Sebastian-Galles (2019)",0,1,1,"Novel",6548.5,0.5,0,6290.96706871403,257.532931285972,0.176727748912557
"baby54177","Barcelona","Santolin, Saffran &
Sebastian-Galles (2019)",0,1,2,"Novel",5053,-0.5,-1,5486.5615207608,-433.561520760804,-0.297524480448203
"baby54177","Barcelona","Santolin, Saffran &
Sebastian-Galles (2019)",0,1,2,"Novel",3853.5,0.5,0,4764.55941937432,-911.059419374324,-0.625199579361039
"baby54295","Barcelona","Santolin, Saffran &
Sebastian-Galles (2019)",0,1,2,"Novel",7073.83,-0.5,-1,7181.01036556107,-107.180365561067,-0.0735507674247644
"baby54295","Barcelona","Santolin, Saffran &
Sebastian-Galles (2019)",0,1,2,"Novel",6306.33,0.5,0,6459.00826417459,-152.678264174587,-0.1047729538926
"baby54489","Barcelona","Santolin, Saffran &
Sebastian-Galles (2019)",0,1,2,"Novel",6584.83,-0.5,-1,7766.3252034843,-1181.4952034843,-0.810781699334995
"baby54489","Barcelona","Santolin, Saffran &
Sebastian-Galles (2019)",0,1,2,"Novel",8340.67,0.5,0,7044.32310209782,1296.34689790218,0.889596790329036
"baby54607","Barcelona","Santolin, Saffran &
Sebastian-Galles (2019)",1,2,2,"Novel",5616.33,-0.5,-1,5915.12834934352,-298.798349343522,-0.205045465038532
"baby54607","Barcelona","Santolin, Saffran &
Sebastian-Galles (2019)",1,2,2,"Novel",5303,0.5,0,5821.04991780106,-518.049917801061,-0.355503256768559
"baby54711","Barcelona","Santolin, Saffran &
Sebastian-Galles (2019)",0,1,1,"Novel",16625.5,-0.5,-1,14245.7287191056,2379.77128089438,1.63307899808821
"baby54711","Barcelona","Santolin, Saffran &
Sebastian-Galles (2019)",0,1,1,"Novel",15406.83,0.5,0,13523.7266177191,1883.10338228086,1.29224880118563
"baby54916","Barcelona","Santolin, Saffran &
Sebastian-Galles (2019)",0,1,1,"Novel",9547.33,-0.5,-1,8591.45648489535,955.873515104651,0.655952517319013
"baby54916","Barcelona","Santolin, Saffran &
Sebastian-Galles (2019)",0,1,1,"Novel",7556.67,0.5,0,7869.45438350887,-312.784383508868,-0.214643151524347
"baby54953","Barcelona","Santolin, Saffran &
Sebastian-Galles (2019)",0,1,1,"Novel",9747,-0.5,-1,8553.20160336103,1193.79839663897,0.819224563786561
"baby54953","Barcelona","Santolin, Saffran &
Sebastian-Galles (2019)",0,1,1,"Novel",7256,0.5,0,7831.19950197455,-575.199501974549,-0.394721221289974
"baby54965","Barcelona","Santolin, Saffran &
Sebastian-Galles (2019)",0,1,1,"Novel",9526.5,-0.5,-1,8503.51949632284,1022.98050367716,0.702003587244319
"baby54965","Barcelona","Santolin, Saffran &
Sebastian-Galles (2019)",0,1,1,"Novel",7345.33,0.5,0,7781.51739493636,-436.187394936363,-0.299326443520098
"baby55012","Barcelona","Santolin, Saffran &
Sebastian-Galles (2019)",1,2,2,"Novel",5160.83,-0.5,-1,6017.77263544056,-856.94263544056,-0.58806282424687
"baby55012","Barcelona","Santolin, Saffran &
Sebastian-Galles (2019)",1,2,2,"Novel",6029.5,0.5,0,5923.6942038981,105.805796101901,0.0726074916851168
"baby55015","Barcelona","Santolin, Saffran &
Sebastian-Galles (2019)",0,1,2,"Novel",8689,-0.5,-1,8277.96719975168,411.032800248318,0.282064515611199
"baby55015","Barcelona","Santolin, Saffran &
Sebastian-Galles (2019)",0,1,2,"Novel",7587.33,0.5,0,7555.9650983652,31.3649016347999,0.0215236491624708
"baby55348","Barcelona","Santolin, Saffran &
Sebastian-Galles (2019)",0,1,1,"Novel",6477.67,-0.5,-1,6728.58389581919,-250.913895819185,-0.172185544417867
"baby55348","Barcelona","Santolin, Saffran &
Sebastian-Galles (2019)",0,1,1,"Novel",5708,0.5,0,6006.5817944327,-298.581794432705,-0.204896857783865
"baby55503","Barcelona","Santolin, Saffran &
Sebastian-Galles (2019)",0,1,1,"Novel",4452.5,-0.5,-1,6519.18955218123,-2066.68955218123,-1.41823179829578
"baby55503","Barcelona","Santolin, Saffran &
Sebastian-Galles (2019)",0,1,1,"Novel",7180.33,0.5,0,5797.18745079475,1383.14254920525,0.949158882033561
"baby55547","Barcelona","Santolin, Saffran &
Sebastian-Galles (2019)",0,1,1,"Novel",13596.67,-0.5,-1,10585.0054767255,3011.66452327447,2.06670536859259
"baby55547","Barcelona","Santolin, Saffran &
Sebastian-Galles (2019)",0,1,1,"Novel",8770.67,0.5,0,9863.00337533905,-1092.33337533905,-0.749595857592915
"baby56526","Barcelona","Santolin, Saffran &
Sebastian-Galles (2019)",0,1,1,"Novel",9924.17,-0.5,-1,7801.54999539214,2122.62000460786,1.45661315365745
"baby56526","Barcelona","Santolin, Saffran &
Sebastian-Galles (2019)",0,1,1,"Novel",5094.33,0.5,0,7079.54789400566,-1985.21789400566,-1.36232320952756
"baby10","Wisconsin","Santolin & Saffran (2019)",1,2,2,"Novel",8213.83,-0.5,-1,6950.89398099979,1262.93601900021,0.866669122834042
"baby10","Wisconsin","Santolin & Saffran (2019)",1,2,2,"Novel",6076.66,0.5,0,6856.81554945733,-780.155549457329,-0.535368946288783
"baby11","Wisconsin","Santolin & Saffran (2019)",0,1,1,"Novel",3963.33,-0.5,-1,6301.13060968397,-2337.80060968397,-1.60427731355674
"baby11","Wisconsin","Santolin & Saffran (2019)",0,1,1,"Novel",7730.33,0.5,0,5579.12850829749,2151.20149170251,1.47622673025749
"baby15","Wisconsin","Santolin & Saffran (2019)",0,1,1,"Novel",7185.5,-0.5,-1,6759.18168329501,426.318316704992,0.292553950499641
"baby15","Wisconsin","Santolin & Saffran (2019)",0,1,1,"Novel",5717.5,0.5,0,6037.17958190853,-319.679581908527,-0.219374868300886
"baby23","Wisconsin","Santolin & Saffran (2019)",0,1,1,"Novel",4622,-0.5,-1,6181.25647644836,-1559.25647644836,-1.0700141752126
"baby23","Wisconsin","Santolin & Saffran (2019)",0,1,1,"Novel",6755.17,0.5,0,5459.25437506188,1295.91562493812,0.889300836333076
"baby25","Wisconsin","Santolin & Saffran (2019)",1,2,2,"Novel",3221,-0.5,-1,4124.01352770689,-903.013527706889,-0.619678218208197
"baby25","Wisconsin","Santolin & Saffran (2019)",1,2,2,"Novel",3606,0.5,0,4029.93509616443,-423.935096164429,-0.290918504503694
"baby30","Wisconsin","Santolin & Saffran (2019)",0,1,1,"Novel",3823.33,-0.5,-1,4664.25346778684,-840.923467786844,-0.577069933261017
"baby30","Wisconsin","Santolin & Saffran (2019)",0,1,1,"Novel",3548.67,0.5,0,3942.25136640036,-393.581366400364,-0.270088755447848
"baby39","Wisconsin","Santolin & Saffran (2019)",1,2,2,"Novel",3990.25,-0.5,-1,5048.00148318188,-1057.75148318188,-0.725864601463626
"baby39","Wisconsin","Santolin & Saffran (2019)",1,2,2,"Novel",5276.25,0.5,0,4953.92305163942,322.326948360582,0.221191580094916
"baby49","Wisconsin","Santolin & Saffran (2019)",1,2,2,"Novel",9794.33,-0.5,-1,8750.07408612733,1044.25591387267,0.716603488438586
"baby49","Wisconsin","Santolin & Saffran (2019)",1,2,2,"Novel",9246.33,0.5,0,8655.99565458487,590.334345415135,0.405107259293123
"baby53","Wisconsin","Santolin & Saffran (2019)",1,2,2,"Novel",5418.5,-0.5,-1,6317.79841727899,-899.298417278989,-0.617128784628554
"baby53","Wisconsin","Santolin & Saffran (2019)",1,2,2,"Novel",7200.5,0.5,0,6223.71998573653,976.780014263471,0.67029925936684
"baby54","Wisconsin","Santolin & Saffran (2019)",1,2,2,"Novel",9212.5,-0.5,-1,10212.0961185163,-999.596118516347,-0.68595643658076
"baby54","Wisconsin","Santolin & Saffran (2019)",1,2,2,"Novel",13688.17,0.5,0,10118.0176869739,3570.15231302611,2.44995845154825
"baby58","Wisconsin","Santolin & Saffran (2019)",1,2,2,"Novel",3677.67,-0.5,-1,4115.30202003076,-437.632020030756,-0.300317793790061
"baby58","Wisconsin","Santolin & Saffran (2019)",1,2,2,"Novel",3126.33,0.5,0,4021.2235884883,-894.893588488296,-0.614106043138224
"baby67","Wisconsin","Santolin & Saffran (2019)",1,2,3,"Novel",5487.83,-0.5,-1,5237.12831483071,250.70168516929,0.172039918340985
"baby67","Wisconsin","Santolin & Saffran (2019)",1,2,3,"Novel",4278,0.5,0,5143.04988328825,-865.049883288249,-0.59362629007178
"baby70","Wisconsin","Santolin & Saffran (2019)",0,1,1,"Novel",5046,-0.5,-1,5668.22442656483,-622.224426564828,-0.426991304281396
"baby70","Wisconsin","Santolin & Saffran (2019)",0,1,1,"Novel",4976.67,0.5,0,4946.22232517835,30.447674821653,0.0208942173103179
"baby71","Wisconsin","Santolin & Saffran (2019)",1,2,3,"Novel",6400.83,-0.5,-1,6231.50146471682,169.328535283184,0.116198929270245
"baby71","Wisconsin","Santolin & Saffran (2019)",1,2,3,"Novel",5990.33,0.5,0,6137.42303317435,-147.093033174355,-0.100940180752098
"baby74","Wisconsin","Santolin & Saffran (2019)",1,2,2,"Novel",9978.5,-0.5,-1,10080.2872197644,-101.787219764432,-0.0698498096038081
"baby74","Wisconsin","Santolin & Saffran (2019)",1,2,2,"Novel",12574.17,0.5,0,9986.20878822197,2587.96121177803,1.77594592251456
"baby78","Wisconsin","Santolin & Saffran (2019)",1,2,2,"Novel",3295.67,-0.5,-1,4959.18198100566,-1663.51198100566,-1.14155780475991
"baby78","Wisconsin","Santolin & Saffran (2019)",1,2,2,"Novel",5736.33,0.5,0,4865.1035494632,871.226450536801,0.597864858011006
"baby79","Wisconsin","Santolin & Saffran (2019)",1,2,3,"Novel",5031.5,-0.5,-1,6932.21347845253,-1900.71347845253,-1.30433344076556
"baby79","Wisconsin","Santolin & Saffran (2019)",1,2,3,"Novel",9209.67,0.5,0,6838.13504691007,2371.53495308993,1.62742695326071
"baby84","Wisconsin","Santolin & Saffran (2019)",0,1,1,"Novel",4039.33,-0.5,-1,4993.83631645916,-954.506316459161,-0.655014299679322
"baby84","Wisconsin","Santolin & Saffran (2019)",0,1,1,"Novel",4202.83,0.5,0,4271.83421507268,-69.0042150726804,-0.0473530104844381
"baby86","Wisconsin","Santolin & Saffran (2019)",1,2,2,"Novel",5223.17,-0.5,-1,4852.37132167221,370.798678327788,0.25445450953942
"baby86","Wisconsin","Santolin & Saffran (2019)",1,2,2,"Novel",3526.83,0.5,0,4758.29289012975,-1231.46289012975,-0.845071204506717
"baby88","Wisconsin","Santolin & Saffran (2019)",1,2,2,"Novel",7439.83,-0.5,-1,6944.89819115139,494.931808848611,0.339638833784358
"baby88","Wisconsin","Santolin & Saffran (2019)",1,2,2,"Novel",6834.83,0.5,0,6850.81975960893,-15.9897596089286,-0.0109727101975979
"baby93","Wisconsin","Santolin & Saffran (2019)",0,1,1,"Novel",4049,-0.5,-1,4944.79052824254,-895.790528242536,-0.614721553329039
"baby93","Wisconsin","Santolin & Saffran (2019)",0,1,1,"Novel",4063.67,0.5,0,4222.78842685606,-159.118426856056,-0.109192409873019
"baby94","Wisconsin","Santolin & Saffran (2019)",0,1,1,"Novel",5295.83,-0.5,-1,5834.4362054134,-538.606205413398,-0.369609671888314
"baby94","Wisconsin","Santolin & Saffran (2019)",0,1,1,"Novel",5165.67,0.5,0,5112.43410402692,53.2358959730827,0.036532260203332
"baby97","Wisconsin","Santolin & Saffran (2019)",1,2,2,"Novel",7692.5,-0.5,-1,9093.80366574328,-1401.30366574328,-0.961621650299651
"baby97","Wisconsin","Santolin & Saffran (2019)",1,2,2,"Novel",12255.67,0.5,0,8999.72523420082,3255.94476579918,2.23433867727135
"baby98","Wisconsin","Santolin & Saffran (2019)",0,1,1,"Novel",4299.67,-0.5,-1,5043.64720230647,-743.977202306472,-0.510542149112122
"baby98","Wisconsin","Santolin & Saffran (2019)",0,1,1,"Novel",4074,0.5,0,4321.64510091999,-247.645100919992,-0.169942387547379
"SS2F1.B","Wisconsin","Saffran & Wilson (2003)",2,3,3,"Novel",7067,-0.5,-1,7060.23590699035,6.76409300965315,0.00464174785361237
"SS2F1.B","Wisconsin","Saffran & Wilson (2003)",2,3,3,"Novel",7583.5,0.5,0,7594.08114529191,-10.5811452919061,-0.00726113735830846
"SS2F11.A","Wisconsin","Saffran & Wilson (2003)",1,2,2,"Novel",6765,-0.5,-1,7182.32347861595,-417.323478615952,-0.286381390433744
"SS2F11.A","Wisconsin","Saffran & Wilson (2003)",1,2,2,"Novel",7326.5,0.5,0,7088.24504707349,238.254952926509,0.163498552545162
"SS2F12.A","Wisconsin","Saffran & Wilson (2003)",0,1,1,"Novel",11010,-0.5,-1,9823.36243285538,1186.63756714462,0.814310562029334
"SS2F12.A","Wisconsin","Saffran & Wilson (2003)",0,1,1,"Novel",9173,0.5,0,9101.3603314689,71.6396685311029,0.0491615471820367
"SS2F12.B","Wisconsin","Saffran & Wilson (2003)",0,1,1,"Novel",7725,-0.5,-1,7488.11023384696,236.889766153045,0.162561715519641
"SS2F12.B","Wisconsin","Saffran & Wilson (2003)",0,1,1,"Novel",6292.5,0.5,0,6766.10813246047,-473.608132460475,-0.32500581070728
"SS2F13.A","Wisconsin","Saffran & Wilson (2003)",1,2,2,"Novel",4980,-0.5,-1,6516.65066379845,-1536.65066379845,-1.0545013071611
"SS2F13.A","Wisconsin","Saffran & Wilson (2003)",1,2,2,"Novel",7354,0.5,0,6422.57223225599,931.42776774401,0.639177024258927
"SS2F14.A","Wisconsin","Saffran & Wilson (2003)",2,3,3,"Novel",5420,-0.5,-1,5586.28668430909,-166.286684309093,-0.11411150894503
"SS2F14.A","Wisconsin","Saffran & Wilson (2003)",2,3,3,"Novel",5339,0.5,0,6120.13192261065,-781.131922610653,-0.536038966346505
"SS2F14.B","Wisconsin","Saffran & Wilson (2003)",1,2,2,"Novel",10073.5,-0.5,-1,9363.60924847882,709.890751521181,0.487150881495889
"SS2F14.B","Wisconsin","Saffran & Wilson (2003)",1,2,2,"Novel",9777,0.5,0,9269.53081693636,507.469183063642,0.348242401146531
"SS2F15.A","Wisconsin","Saffran & Wilson (2003)",1,2,2,"Novel",9707,-0.5,-1,8428.63721810784,1278.36278189216,0.877255485771352
"SS2F15.A","Wisconsin","Saffran & Wilson (2003)",1,2,2,"Novel",7675,0.5,0,8334.55878656538,-659.558786565376,-0.452611396310176
"SS2F15.B","Wisconsin","Saffran & Wilson (2003)",2,3,3,"Novel",6853.5,-0.5,-1,8042.74246837675,-1189.24246837675,-0.816098132762888
"SS2F15.B","Wisconsin","Saffran & Wilson (2003)",2,3,3,"Novel",10391,0.5,0,8576.58770667831,1814.41229332169,1.24511066835932
"SS2F18.A","Wisconsin","Saffran & Wilson (2003)",0,1,1,"Novel",7505,-0.5,-1,7974.43961889712,-469.439618897122,-0.322145236664636
"SS2F18.A","Wisconsin","Saffran & Wilson (2003)",0,1,1,"Novel",7796.5,0.5,0,7252.43751751064,544.062482489358,0.373353952513952
"SS2F19.B","Wisconsin","Saffran & Wilson (2003)",0,1,1,"Novel",8667.5,-0.5,-1,8327.06629917883,340.433700821171,0.233617041904783
"SS2F19.B","Wisconsin","Saffran & Wilson (2003)",0,1,1,"Novel",7565,0.5,0,7605.06419779235,-40.0641977923469,-0.0274933984266523
"SS2F20.B","Wisconsin","Saffran & Wilson (2003)",0,1,1,"Novel",11800,-0.5,-1,9881.88103876679,1918.11896123321,1.31627766776288
"SS2F20.B","Wisconsin","Saffran & Wilson (2003)",0,1,1,"Novel",8537.5,0.5,0,9159.87893738031,-622.378937380308,-0.427097334793557
"SS2F21.B","Wisconsin","Saffran & Wilson (2003)",0,1,1,"Novel",8320,-0.5,-1,8138.63260053205,181.367399467948,0.124460402302891
"SS2F21.B","Wisconsin","Saffran & Wilson (2003)",0,1,1,"Novel",7415,0.5,0,7416.63049914557,-1.63049914557087,-0.00111890328806381
"SS2F22.B","Wisconsin","Saffran & Wilson (2003)",1,2,2,"Novel",5276,-0.5,-1,6127.28414679567,-851.284146795669,-0.584179779249613
"SS2F22.B","Wisconsin","Saffran & Wilson (2003)",1,2,2,"Novel",6030,0.5,0,6033.20571525321,-3.20571525320793,-0.00219986949833993
"SS2F23.B","Wisconsin","Saffran & Wilson (2003)",0,1,1,"Novel",6991.5,-0.5,-1,7484.89076361882,-493.39076361882,-0.338581316778383
"SS2F23.B","Wisconsin","Saffran & Wilson (2003)",0,1,1,"Novel",7017.5,0.5,0,6762.88866223234,254.611337767661,0.174722853293381
"SS2F25.B","Wisconsin","Saffran & Wilson (2003)",0,1,1,"Novel",9338,-0.5,-1,8870.77800653048,467.221993469524,0.320623427598146
"SS2F25.B","Wisconsin","Saffran & Wilson (2003)",0,1,1,"Novel",8330,0.5,0,8148.775905144,181.224094856005,0.124362061864055
"SS2F3.A","Wisconsin","Saffran & Wilson (2003)",2,3,3,"Novel",11133.5,-0.5,-1,9300.41904396794,1833.08095603206,1.25792173185919
"SS2F3.A","Wisconsin","Saffran & Wilson (2003)",2,3,3,"Novel",9431.5,0.5,0,9834.26428226949,-402.764282269494,-0.276390380804657
"SS2F3.B","Wisconsin","Saffran & Wilson (2003)",1,2,2,"Novel",8056.5,-0.5,-1,7651.98737072048,404.512629279523,0.277590155256248
"SS2F3.B","Wisconsin","Saffran & Wilson (2003)",1,2,2,"Novel",7275,0.5,0,7557.90893917802,-282.908939178016,-0.194141618000112
"SS2F6.A","Wisconsin","Saffran & Wilson (2003)",1,2,2,"Novel",9047.5,-0.5,-1,7314.32175796952,1733.17824203048,1.18936513341722
"SS2F6.A","Wisconsin","Saffran & Wilson (2003)",1,2,2,"Novel",5392.5,0.5,0,7220.24332642706,-1827.74332642706,-1.25425887111392
"SS2F7.B","Wisconsin","Saffran & Wilson (2003)",2,3,3,"Novel",6802.5,-0.5,-1,6852.10662577145,-49.6066257714483,-0.0340417330706367
"SS2F7.B","Wisconsin","Saffran & Wilson (2003)",2,3,3,"Novel",7298.5,0.5,0,7385.95186407301,-87.4518640730075,-0.0600124069518225
"SS2F8.A","Wisconsin","Saffran & Wilson (2003)",2,3,3,"Novel",5070,-0.5,-1,4966.82273629542,103.177263704576,0.0708037044521466
"SS2F8.A","Wisconsin","Saffran & Wilson (2003)",2,3,3,"Novel",4053.5,0.5,0,5500.66797459698,-1447.16797459698,-0.99309527978335
"SS2M10.A","Wisconsin","Saffran & Wilson (2003)",2,3,3,"Novel",5634,-0.5,-1,6124.6957348144,-490.695734814401,-0.33673189747701
"SS2M10.A","Wisconsin","Saffran & Wilson (2003)",2,3,3,"Novel",6546.5,0.5,0,6658.54097311596,-112.04097311596,-0.0768862796143477
"SS2M13.B","Wisconsin","Saffran & Wilson (2003)",1,2,2,"Novel",13156.5,-0.5,-1,9480.8358409033,3675.6641590967,2.52236422484704
"SS2M13.B","Wisconsin","Saffran & Wilson (2003)",1,2,2,"Novel",7003.5,0.5,0,9386.75740936083,-2383.25740936083,-1.63547129655358
"SS2M15.B","Wisconsin","Saffran & Wilson (2003)",1,2,2,"Novel",5688.5,-0.5,-1,5740.00081641109,-51.5008164110905,-0.0353415903202848
"SS2M15.B","Wisconsin","Saffran & Wilson (2003)",1,2,2,"Novel",4595,0.5,0,5645.92238486863,-1050.92238486863,-0.721178244786922
"SS2M17.A","Wisconsin","Saffran & Wilson (2003)",0,1,1,"Novel",10391.5,-0.5,-1,8798.24523609659,1593.25476390341,1.0933449421899
"SS2M17.A","Wisconsin","Saffran & Wilson (2003)",0,1,1,"Novel",7085,0.5,0,8076.24313471011,-991.243134710111,-0.680224338485935
"SS2M18.A","Wisconsin","Saffran & Wilson (2003)",2,3,3,"Novel",9680,-0.5,-1,7982.33005644879,1697.66994355121,1.16499814614837
"SS2M18.A","Wisconsin","Saffran & Wilson (2003)",2,3,3,"Novel",7405,0.5,0,8516.17529475035,-1111.17529475035,-0.762525815661277
"SS2M19.A","Wisconsin","Saffran & Wilson (2003)",0,1,1,"Novel",8078.5,-0.5,-1,6711.64976706125,1366.85023293875,0.937978547293563
"SS2M19.A","Wisconsin","Saffran & Wilson (2003)",0,1,1,"Novel",3889,0.5,0,5989.64766567477,-2100.64766567477,-1.4415349965511
"SS2M2.B","Wisconsin","Saffran & Wilson (2003)",1,2,2,"Novel",5697.5,-0.5,-1,5741.51586122433,-44.0158612243313,-0.0302051626243703
"SS2M2.B","Wisconsin","Saffran & Wilson (2003)",1,2,2,"Novel",4590,0.5,0,5647.43742968187,-1057.43742968187,-0.725649087401725
"SS2M24.A","Wisconsin","Saffran & Wilson (2003)",0,1,1,"Novel",7537.5,-0.5,-1,6749.52588739226,787.974112607741,0.540734306976456
"SS2M24.A","Wisconsin","Saffran & Wilson (2003)",0,1,1,"Novel",4530,0.5,0,6027.52378600578,-1497.52378600578,-1.02765112920619
"SS2M25.A","Wisconsin","Saffran & Wilson (2003)",0,1,1,"Novel",5707.5,-0.5,-1,6473.03020897589,-765.530208975886,-0.525332546332247
"SS2M25.A","Wisconsin","Saffran & Wilson (2003)",0,1,1,"Novel",5630,0.5,0,5751.02810758941,-121.028107589405,-0.0830535532004306
"SS2M27.A","Wisconsin","Saffran & Wilson (2003)",1,2,2,"Novel",8417.5,-0.5,-1,7799.51485940976,617.985140590239,0.42408216383266
"SS2M27.A","Wisconsin","Saffran & Wilson (2003)",1,2,2,"Novel",7303.5,0.5,0,7705.4364278673,-401.9364278673,-0.275822279303243
"SS2M28.A","Wisconsin","Saffran & Wilson (2003)",0,1,1,"Novel",8960,-0.5,-1,9383.4312952107,-423.431295210696,-0.290572779364744
"SS2M28.A","Wisconsin","Saffran & Wilson (2003)",0,1,1,"Novel",10061.5,0.5,0,8661.42919382422,1400.07080617578,0.960775620648218
"SS2M4.B","Wisconsin","Saffran & Wilson (2003)",1,2,2,"Novel",9695,-0.5,-1,8857.39490025487,837.605099745131,0.574792757634789
"SS2M4.B","Wisconsin","Saffran & Wilson (2003)",1,2,2,"Novel",8819,0.5,0,8763.31646871241,55.6835312875919,0.0382119097810854
"SS2M5.B","Wisconsin","Saffran & Wilson (2003)",2,3,3,"Novel",9432.5,-0.5,-1,8537.02583869643,895.474161303571,0.61450445170761
"SS2M5.B","Wisconsin","Saffran & Wilson (2003)",2,3,3,"Novel",9117,0.5,0,9070.87107699799,46.128923002012,0.0316552166016148
"SS2M7.A","Wisconsin","Saffran & Wilson (2003)",2,3,3,"Novel",7393,-0.5,-1,8009.97962429042,-616.979624290424,-0.423392144768792
"SS2M7.A","Wisconsin","Saffran & Wilson (2003)",2,3,3,"Novel",9765,0.5,0,8543.82486259198,1221.17513740802,0.838011402986179
"SS2M7.B","Wisconsin","Saffran & Wilson (2003)",2,3,3,"Novel",4634,-0.5,-1,4848.83862146433,-214.838621464329,-0.14742947925641
"SS2M7.B","Wisconsin","Saffran & Wilson (2003)",2,3,3,"Novel",4178,0.5,0,5382.68385976589,-1204.68385976589,-0.826694534266392
"SS2M9.B","Wisconsin","Saffran & Wilson (2003)",2,3,3,"Novel",5957.5,-0.5,-1,6197.79664705325,-240.29664705325,-0.164899631642834
"SS2M9.B","Wisconsin","Saffran & Wilson (2003)",2,3,3,"Novel",6416,0.5,0,6731.64188535481,-315.641885354809,-0.21660406528487
"G3M2.P","Wisconsin","Saffran et al. (2008)",1,2,2,"Novel",7633,-0.5,-1,6415.39900133882,1217.60099866118,0.835558708909831
"G3M2.P","Wisconsin","Saffran et al. (2008)",1,2,2,"Novel",5457,0.5,0,6321.32056979636,-864.32056979636,-0.593125810653363
"G3M9.P","Wisconsin","Saffran et al. (2008)",2,3,3,"Novel",5805,-0.5,-1,5114.60656501218,690.393434987815,0.473771167905198
"G3M9.P","Wisconsin","Saffran et al. (2008)",2,3,3,"Novel",4732,0.5,0,5648.45180331374,-916.451803313744,-0.628900014369981
"G3M11.P","Wisconsin","Saffran et al. (2008)",1,2,2,"Novel",4104,-0.5,-1,5240.8605098742,-1136.8605098742,-0.78015187313869
"G3M11.P","Wisconsin","Saffran et al. (2008)",1,2,2,"Novel",5885,0.5,0,5146.78207833174,738.217921668261,0.50658993726308
"G3F4.P","Wisconsin","Saffran et al. (2008)",1,2,2,"Novel",6389,-0.5,-1,6997.93373202976,-608.933732029756,-0.417870783208853
"G3F4.P","Wisconsin","Saffran et al. (2008)",1,2,2,"Novel",8239,0.5,0,6903.8553004873,1335.1446995127,0.916221145152883
"G3M19.P","Wisconsin","Saffran et al. (2008)",1,2,2,"Novel",3197,-0.5,-1,4703.77712358048,-1506.77712358048,-1.03400108030309
"G3M19.P","Wisconsin","Saffran et al. (2008)",1,2,2,"Novel",5374,0.5,0,4609.69869203802,764.301307961981,0.524489233173269
"G3F18.P","Wisconsin","Saffran et al. (2008)",1,2,2,"Novel",5848,-0.5,-1,5874.14924180869,-26.1492418086882,-0.0179444881768847
"G3F18.P","Wisconsin","Saffran et al. (2008)",1,2,2,"Novel",5813,0.5,0,5780.07081026623,32.9291897337725,0.02259711620609
"G3F20.P","Wisconsin","Saffran et al. (2008)",0,1,1,"Novel",4313,-0.5,-1,5431.12509809562,-1118.12509809562,-0.767295004185877
"G3F20.P","Wisconsin","Saffran et al. (2008)",0,1,1,"Novel",5297,0.5,0,4709.12299670914,587.877003290858,0.40342094857642
"G3M31.P","Wisconsin","Saffran et al. (2008)",2,3,3,"Novel",3652,-0.5,-1,4594.56743286742,-942.567432867418,-0.646821436688317
"G3M31.P","Wisconsin","Saffran et al. (2008)",2,3,3,"Novel",5512,0.5,0,5128.41267116898,383.587328831023,0.26323051113184
"G3M27.P","Wisconsin","Saffran et al. (2008)",0,1,1,"Novel",3425,-0.5,-1,4940.25057860573,-1515.25057860573,-1.03981584979547
"G3M27.P","Wisconsin","Saffran et al. (2008)",0,1,1,"Novel",4889,0.5,0,4218.24847721925,670.751522780747,0.46029222790572
