"Model","Participant","Location","Study","HPPprior","HPP","totalStudies","Item","LookingTime","LogLookingTime","ItemCenter","ItemNovel",".fitted",".resid",".scresid",".fittedExp"
"Raw","baby50996","Barcelona","Santolin, Saffran &
Sebastian-Galles (2019)",0,1,3,"Familiar",6541,8.78584533796121,-0.5,-1,6535.65935457901,5.34064542099168,0.00407643720929943,Inf
"Raw","baby50996","Barcelona","Santolin, Saffran &
Sebastian-Galles (2019)",0,1,3,"Novel",4770.83,8.47027557293829,0.5,0,5496.49066378906,-725.660663789062,-0.553886262429566,Inf
"Raw","baby51010","Barcelona","Santolin, Saffran &
Sebastian-Galles (2019)",0,1,1,"Familiar",7654.67,8.94307119808353,-0.5,-1,7768.98732118111,-114.317321181114,-0.0872567536310237,Inf
"Raw","baby51010","Barcelona","Santolin, Saffran &
Sebastian-Galles (2019)",0,1,1,"Novel",6785.17,8.82249462722407,0.5,0,6729.81863039117,55.351369608833,0.0422488978152823,Inf
"Raw","baby51274","Barcelona","Santolin, Saffran &
Sebastian-Galles (2019)",0,1,3,"Familiar",3580.25,8.18318790935881,-0.5,-1,5262.08670028374,-1681.83670028374,-1.28372156632129,Inf
"Raw","baby51274","Barcelona","Santolin, Saffran &
Sebastian-Galles (2019)",0,1,3,"Novel",4501.5,8.41216595354853,0.5,0,4222.9180094938,278.581990506202,0.212637593852713,Inf
"Raw","baby51689","Barcelona","Santolin, Saffran &
Sebastian-Galles (2019)",0,1,2,"Familiar",7520.67,8.92541050871978,-0.5,-1,7033.11712984919,487.552870150811,0.372142036161325,Inf
"Raw","baby51689","Barcelona","Santolin, Saffran &
Sebastian-Galles (2019)",0,1,2,"Novel",5052.83,8.52770376134579,0.5,0,5993.94843905924,-941.118439059243,-0.718342058107751,Inf
"Raw","baby52110","Barcelona","Santolin, Saffran &
Sebastian-Galles (2019)",0,1,1,"Familiar",8974.83,9.10217927167291,-0.5,-1,10300.5583654052,-1325.72836540523,-1.01190923795838,Inf
"Raw","baby52110","Barcelona","Santolin, Saffran &
Sebastian-Galles (2019)",0,1,1,"Novel",11885.67,9.38308875178551,0.5,0,9261.38967461528,2624.28032538472,2.0030751197192,Inf
"Raw","baby53657","Barcelona","Santolin, Saffran &
Sebastian-Galles (2019)",0,1,3,"Familiar",9755.17,9.1855526798659,-0.5,-1,8124.10420584576,1631.06579415424,1.24496886986204,Inf
"Raw","baby53657","Barcelona","Santolin, Saffran &
Sebastian-Galles (2019)",0,1,3,"Novel",5585.33,8.62789879659749,0.5,0,7084.93551505581,-1499.60551505581,-1.14462714502942,Inf
"Raw","baby53858","Barcelona","Santolin, Saffran &
Sebastian-Galles (2019)",0,1,1,"Familiar",5321.17,8.5794484829678,-0.5,-1,5784.41598431933,-463.245984319326,-0.35358894266139,Inf
"Raw","baby53858","Barcelona","Santolin, Saffran &
Sebastian-Galles (2019)",0,1,1,"Novel",4085.33,8.31515778738504,0.5,0,4745.24729352938,-659.917293529379,-0.503705301203805,Inf
"Raw","baby53918","Barcelona","Santolin, Saffran &
Sebastian-Galles (2019)",0,1,1,"Familiar",8838.67,9.08689169182389,-0.5,-1,7592.93899106457,1245.73100893543,0.950848415744395,Inf
"Raw","baby53918","Barcelona","Santolin, Saffran &
Sebastian-Galles (2019)",0,1,1,"Novel",5154.67,8.54765837888307,0.5,0,6553.77030027463,-1399.10030027463,-1.06791297193486,Inf
"Raw","baby54153","Barcelona","Santolin, Saffran &
Sebastian-Galles (2019)",0,1,1,"Familiar",5755.17,8.65785386025054,-0.5,-1,7400.78805444868,-1645.61805444868,-1.25607639913378,Inf
"Raw","baby54153","Barcelona","Santolin, Saffran &
Sebastian-Galles (2019)",0,1,1,"Novel",7750.83,8.95555521338714,0.5,0,6361.61936365874,1389.21063634126,1.06036433485684,Inf
"Raw","baby54163","Barcelona","Santolin, Saffran &
Sebastian-Galles (2019)",0,1,1,"Familiar",6388,8.7621765093349,-0.5,-1,7176.24264795066,-788.242647950656,-0.601654183487456,Inf
"Raw","baby54163","Barcelona","Santolin, Saffran &
Sebastian-Galles (2019)",0,1,1,"Novel",6548.5,8.78699129476946,0.5,0,6137.07395716071,411.426042839291,0.314035532730328,Inf
"Raw","baby54177","Barcelona","Santolin, Saffran &
Sebastian-Galles (2019)",0,1,2,"Familiar",5053,8.52773740529191,-0.5,-1,5587.27339740271,-534.273397402708,-0.407803137154687,Inf
"Raw","baby54177","Barcelona","Santolin, Saffran &
Sebastian-Galles (2019)",0,1,2,"Novel",3853.5,8.25673710521805,0.5,0,4548.10470661276,-694.604706612761,-0.530181700635165,Inf
"Raw","baby54295","Barcelona","Santolin, Saffran &
Sebastian-Galles (2019)",0,1,2,"Familiar",7073.83,8.86415733781141,-0.5,-1,7351.17120817351,-277.34120817351,-0.211690522689789,Inf
"Raw","baby54295","Barcelona","Santolin, Saffran &
Sebastian-Galles (2019)",0,1,2,"Novel",6306.33,8.74930916984901,0.5,0,6312.00251738356,-5.67251738356299,-0.00432975026611303,Inf
"Raw","baby54489","Barcelona","Santolin, Saffran &
Sebastian-Galles (2019)",0,1,2,"Familiar",6584.83,8.79252379759509,-0.5,-1,7960.47585870496,-1375.64585870496,-1.05001053677934,Inf
"Raw","baby54489","Barcelona","Santolin, Saffran &
Sebastian-Galles (2019)",0,1,2,"Novel",8340.67,9.02889882785747,0.5,0,6921.30716791502,1419.36283208498,1.08337906865449,Inf
"Raw","baby54607","Barcelona","Santolin, Saffran &
Sebastian-Galles (2019)",1,2,2,"Familiar",5616.33,8.63343370466307,-0.5,-1,5966.59816638357,-350.268166383566,-0.26735461243445,Inf
"Raw","baby54607","Barcelona","Santolin, Saffran &
Sebastian-Galles (2019)",1,2,2,"Novel",5303,8.57602797713713,0.5,0,5631.09461833498,-328.094618334981,-0.250429864730332,Inf
"Raw","baby54711","Barcelona","Santolin, Saffran &
Sebastian-Galles (2019)",0,1,1,"Familiar",16625.5,9.71869294025977,-0.5,-1,14705.4452989906,1920.05470100939,1.46554991206131,Inf
"Raw","baby54711","Barcelona","Santolin, Saffran &
Sebastian-Galles (2019)",0,1,1,"Novel",15406.83,9.64256619657529,0.5,0,13666.2766082007,1740.55339179934,1.32853916555008,Inf
"Raw","baby54916","Barcelona","Santolin, Saffran &
Sebastian-Galles (2019)",0,1,1,"Familiar",9547.33,9.16401681323285,-0.5,-1,8819.42610990067,727.903890099327,0.555598484544913,Inf
"Raw","baby54916","Barcelona","Santolin, Saffran &
Sebastian-Galles (2019)",0,1,1,"Novel",7556.67,8.93018589594497,0.5,0,7780.25741911073,-223.587419110726,-0.170661034940033,Inf
"Raw","baby54953","Barcelona","Santolin, Saffran &
Sebastian-Galles (2019)",0,1,1,"Familiar",9747,9.18471482433721,-0.5,-1,8779.60330734352,967.396692656484,0.738399868038018,Inf
"Raw","baby54953","Barcelona","Santolin, Saffran &
Sebastian-Galles (2019)",0,1,1,"Novel",7256,8.88958399179497,0.5,0,7740.43461655357,-484.434616553568,-0.369761918405919,Inf
"Raw","baby54965","Barcelona","Santolin, Saffran &
Sebastian-Galles (2019)",0,1,1,"Familiar",9526.5,9.16183266791114,-0.5,-1,8727.88492109181,798.615078908189,0.609571309634791,Inf
"Raw","baby54965","Barcelona","Santolin, Saffran &
Sebastian-Galles (2019)",0,1,1,"Novel",7345.33,8.90182001612153,0.5,0,7688.71623030186,-343.386230301864,-0.262101730412888,Inf
"Raw","baby55012","Barcelona","Santolin, Saffran &
Sebastian-Galles (2019)",1,2,2,"Familiar",5160.83,8.54885269825338,-0.5,-1,6073.44944849237,-912.619448492374,-0.696589191849746,Inf
"Raw","baby55012","Barcelona","Santolin, Saffran &
Sebastian-Galles (2019)",1,2,2,"Novel",6029.5,8.70441936754365,0.5,0,5737.94590044379,291.554099556211,0.222539016592127,Inf
"Raw","baby55015","Barcelona","Santolin, Saffran &
Sebastian-Galles (2019)",0,1,2,"Familiar",8689,9.06981313683921,-0.5,-1,8493.08810007412,195.911899925883,0.149536712447411,Inf
"Raw","baby55015","Barcelona","Santolin, Saffran &
Sebastian-Galles (2019)",0,1,2,"Novel",7587.33,8.93423502984492,0.5,0,7453.91940928417,133.41059071583,0.101830369410228,Inf
"Raw","baby55348","Barcelona","Santolin, Saffran &
Sebastian-Galles (2019)",0,1,1,"Familiar",6477.67,8.77611615678505,-0.5,-1,6880.20151088145,-402.531510881446,-0.307246465459592,Inf
"Raw","baby55348","Barcelona","Santolin, Saffran &
Sebastian-Galles (2019)",0,1,1,"Novel",5708,8.64962397859673,0.5,0,5841.0328200915,-133.032820091499,-0.101542022570434,Inf
"Raw","baby55503","Barcelona","Santolin, Saffran &
Sebastian-Galles (2019)",0,1,1,"Familiar",4452.5,8.40122101516382,-0.5,-1,6662.22489537948,-2209.72489537948,-1.68665097114191,Inf
"Raw","baby55503","Barcelona","Santolin, Saffran &
Sebastian-Galles (2019)",0,1,1,"Novel",7180.33,8.87910062198888,0.5,0,5623.05620458953,1557.27379541047,1.18864450722127,Inf
"Raw","baby55547","Barcelona","Santolin, Saffran &
Sebastian-Galles (2019)",0,1,1,"Familiar",13596.67,9.51758018880159,-0.5,-1,10894.6830367441,2701.98696325589,2.06238746964278,Inf
"Raw","baby55547","Barcelona","Santolin, Saffran &
Sebastian-Galles (2019)",0,1,1,"Novel",8770.67,9.07916847925544,0.5,0,9855.51434595416,-1084.84434595416,-0.828045958783103,Inf
"Raw","baby56526","Barcelona","Santolin, Saffran &
Sebastian-Galles (2019)",0,1,1,"Familiar",9924.17,9.20272847485441,-0.5,-1,7997.14437987146,1927.02562012854,1.47087071354508,Inf
"Raw","baby56526","Barcelona","Santolin, Saffran &
Sebastian-Galles (2019)",0,1,1,"Novel",5094.33,8.53588343553772,0.5,0,6957.97568908151,-1863.64568908151,-1.42249373119994,Inf
"Raw","baby10","Wisconsin","Santolin & Saffran (2019)",1,2,2,"Familiar",8213.83,9.01357459793028,-0.5,-1,6494.35362862372,1719.47637137628,1.31245138148263,Inf
"Raw","baby10","Wisconsin","Santolin & Saffran (2019)",1,2,2,"Novel",6076.66,8.71221048191129,0.5,0,7266.58858074985,-1189.92858074985,-0.908255231457937,Inf
"Raw","baby11","Wisconsin","Santolin & Saffran (2019)",0,1,1,"Familiar",3963.33,8.28483985997347,-0.5,-1,5687.00041176934,-1723.67041176934,-1.31565263170014,Inf
"Raw","baby11","Wisconsin","Santolin & Saffran (2019)",0,1,1,"Novel",7730.33,8.95290683148525,0.5,0,6040.30550104752,1690.02449895248,1.28997119432024,Inf
"Raw","baby15","Wisconsin","Santolin & Saffran (2019)",0,1,1,"Familiar",7185.5,8.8798203855143,-0.5,-1,6163.82524389283,1021.67475610717,0.779829526825965,Inf
"Raw","baby15","Wisconsin","Santolin & Saffran (2019)",0,1,1,"Novel",5717.5,8.65128692589694,0.5,0,6517.130333171,-799.630333171003,-0.610346238492185,Inf
"Raw","baby23","Wisconsin","Santolin & Saffran (2019)",0,1,1,"Familiar",4622,8.43858279083433,-0.5,-1,5562.21309710286,-940.213097102859,-0.717651023720103,Inf
"Raw","baby23","Wisconsin","Santolin & Saffran (2019)",0,1,1,"Novel",6755.17,8.81806341662093,0.5,0,5915.51818638103,839.651813618966,0.640894054197769,Inf
"Raw","baby25","Wisconsin","Santolin & Saffran (2019)",1,2,2,"Familiar",3221,8.0774471493312,-0.5,-1,3551.61017657109,-330.610176571092,-0.252349953855803,Inf
"Raw","baby25","Wisconsin","Santolin & Saffran (2019)",1,2,2,"Novel",3606,8.19035440376326,0.5,0,4323.84512869722,-717.845128697222,-0.547920777820958,Inf
"Raw","baby28","Wisconsin","Santolin & Saffran (2019)",3,4,4,"Familiar",5842.83,8.67297054748802,-0.5,-1,5454.6061008315,388.223899168497,0.296325672902642,Inf
"Raw","baby28","Wisconsin","Santolin & Saffran (2019)",3,4,4,"Novel",6909,8.8405801884888,0.5,0,7064.70077865355,-155.700778653548,-0.118844146650418,Inf
"Raw","baby30","Wisconsin","Santolin & Saffran (2019)",0,1,1,"Familiar",3823.33,8.24887704961534,-0.5,-1,3983.03394742119,-159.703947421192,-0.121899707323925,Inf
"Raw","baby30","Wisconsin","Santolin & Saffran (2019)",0,1,1,"Novel",3548.67,8.17432816438408,0.5,0,4336.33903669937,-787.669036699366,-0.601216354336837,Inf
"Raw","baby31","Wisconsin","Santolin & Saffran (2019)",3,4,4,"Familiar",3233.33,8.081267844895,-0.5,-1,4028.1493703824,-794.819370382401,-0.606674100355672,Inf
"Raw","baby31","Wisconsin","Santolin & Saffran (2019)",3,4,4,"Novel",5900.67,8.68282118276847,0.5,0,5638.24404820445,262.425951795554,0.200305923771022,Inf
"Raw","baby39","Wisconsin","Santolin & Saffran (2019)",1,2,2,"Familiar",3990.25,8.29160916456267,-0.5,-1,4513.46885813728,-523.218858137276,-0.399365367626655,Inf
"Raw","baby39","Wisconsin","Santolin & Saffran (2019)",1,2,2,"Novel",5276.25,8.57097089709671,0.5,0,5285.70381026341,-9.45381026340692,-0.0072159562917122,Inf
"Raw","baby49","Wisconsin","Santolin & Saffran (2019)",1,2,2,"Familiar",9794.33,9.18955892579306,-0.5,-1,8367.27523281115,1427.05476718885,1.08925021118451,Inf
"Raw","baby49","Wisconsin","Santolin & Saffran (2019)",1,2,2,"Novel",9246.33,9.13198199502093,0.5,0,9139.51018493728,106.819815062718,0.0815340159263543,Inf
"Raw","baby53","Wisconsin","Santolin & Saffran (2019)",1,2,2,"Familiar",5418.5,8.59757430336305,-0.5,-1,5835.3099034132,-416.809903413205,-0.318144955439223,Inf
"Raw","baby53","Wisconsin","Santolin & Saffran (2019)",1,2,2,"Novel",7200.5,8.88190574703744,0.5,0,6607.54485553934,592.955144460665,0.452594063785674,Inf
"Raw","baby54","Wisconsin","Santolin & Saffran (2019)",1,2,2,"Familiar",9212.5,9.12831653649759,-0.5,-1,9889.21994665919,-676.719946659188,-0.51653052269559,Inf
"Raw","baby54","Wisconsin","Santolin & Saffran (2019)",1,2,2,"Novel",13688.17,9.52428723513255,0.5,0,10661.4548987853,3026.71510121468,2.31024774871667,Inf
"Raw","baby58","Wisconsin","Santolin & Saffran (2019)",1,2,2,"Familiar",3677.67,8.21003467846358,-0.5,-1,3542.54161757293,135.128382427073,0.103141534915059,Inf
"Raw","baby58","Wisconsin","Santolin & Saffran (2019)",1,2,2,"Novel",3126.33,8.04761507162851,0.5,0,4314.77656969906,-1188.44656969906,-0.907124033912354,Inf
"Raw","baby67","Wisconsin","Santolin & Saffran (2019)",1,2,3,"Familiar",5487.83,8.61028819224955,-0.5,-1,4710.34727398743,777.482726012575,0.593441291093374,Inf
"Raw","baby67","Wisconsin","Santolin & Saffran (2019)",1,2,3,"Novel",4278,8.36124088964235,0.5,0,5482.58222611356,-1204.58222611356,-0.919440146482943,Inf
"Raw","baby70","Wisconsin","Santolin & Saffran (2019)",0,1,1,"Familiar",5046,8.526351129201,-0.5,-1,5028.15382914574,17.8461708542609,0.0136217234396205,Inf
"Raw","baby70","Wisconsin","Santolin & Saffran (2019)",0,1,1,"Novel",4976.67,8.51251627165727,0.5,0,5381.45891842391,-404.788918423914,-0.308969511903847,Inf
"Raw","baby71","Wisconsin","Santolin & Saffran (2019)",1,2,3,"Familiar",6400.83,8.76418294843907,-0.5,-1,5745.47596940704,655.35403059296,0.500222228772762,Inf
"Raw","baby71","Wisconsin","Santolin & Saffran (2019)",1,2,3,"Novel",5990.33,8.6979017814117,0.5,0,6517.71092153317,-527.38092153317,-0.402542210265899,Inf
"Raw","baby74","Wisconsin","Santolin & Saffran (2019)",1,2,2,"Familiar",9978.5,9.20818805740804,-0.5,-1,9752.00870616522,226.491293834779,0.172877520410075,Inf
"Raw","baby74","Wisconsin","Santolin & Saffran (2019)",1,2,2,"Novel",12574.17,9.43939998881344,0.5,0,10524.2436582914,2049.92634170865,1.56467905223945,Inf
"Raw","baby78","Wisconsin","Santolin & Saffran (2019)",1,2,2,"Familiar",3295.67,8.10036476465766,-0.5,-1,4421.00898487338,-1125.33898487338,-0.858954929488896,Inf
"Raw","baby78","Wisconsin","Santolin & Saffran (2019)",1,2,2,"Novel",5736.33,8.65457491200534,0.5,0,5193.24393699951,543.086063000488,0.414529717019867,Inf
"Raw","baby79","Wisconsin","Santolin & Saffran (2019)",1,2,3,"Familiar",5031.5,8.52347342937339,-0.5,-1,6474.90748385027,-1443.40748385027,-1.10173200269415,Inf
"Raw","baby79","Wisconsin","Santolin & Saffran (2019)",1,2,3,"Novel",9209.67,9.12800929798853,0.5,0,7247.1424359764,1962.5275640236,1.49796883253412,Inf
"Raw","baby84","Wisconsin","Santolin & Saffran (2019)",0,1,1,"Familiar",4039.33,8.3038341156178,-0.5,-1,4326.12513428392,-286.795134283921,-0.21890656740584,Inf
"Raw","baby84","Wisconsin","Santolin & Saffran (2019)",0,1,1,"Novel",4202.83,8.34351338688755,0.5,0,4679.4302235621,-476.600223562096,-0.363782039835965,Inf
"Raw","baby86","Wisconsin","Santolin & Saffran (2019)",1,2,2,"Familiar",5223.17,8.56085977625048,-0.5,-1,4309.82056585241,913.349434147591,0.697146379315419,Inf
"Raw","baby86","Wisconsin","Santolin & Saffran (2019)",1,2,2,"Novel",3526.83,8.16815472947135,0.5,0,5082.05551797854,-1555.22551797854,-1.18708108675796,Inf
"Raw","baby88","Wisconsin","Santolin & Saffran (2019)",1,2,2,"Familiar",7439.83,8.91460327810372,-0.5,-1,6488.11209432194,951.717905678056,0.726432477283274,Inf
"Raw","baby88","Wisconsin","Santolin & Saffran (2019)",1,2,2,"Novel",6834.83,8.82978687686629,0.5,0,7260.34704644807,-425.517046448074,-0.324790991462234,Inf
"Raw","baby93","Wisconsin","Santolin & Saffran (2019)",0,1,1,"Familiar",4049,8.30622521603216,-0.5,-1,4275.06914712426,-226.069147124255,-0.172555301947154,Inf
"Raw","baby93","Wisconsin","Santolin & Saffran (2019)",0,1,1,"Novel",4063.67,8.30984178517395,0.5,0,4628.37423640243,-564.704236402429,-0.431030555309257,Inf
"Raw","baby94","Wisconsin","Santolin & Saffran (2019)",0,1,1,"Familiar",5295.83,8.57467499740375,-0.5,-1,5201.17799197898,94.6520080210212,0.0722465052473291,Inf
"Raw","baby94","Wisconsin","Santolin & Saffran (2019)",0,1,1,"Novel",5165.67,8.5497900924052,0.5,0,5554.48308125715,-388.813081257153,-0.296775387047643,Inf
"Raw","baby97","Wisconsin","Santolin & Saffran (2019)",1,2,2,"Familiar",7692.5,8.9480011071962,-0.5,-1,8725.09297091656,-1032.59297091656,-0.788163241873431,Inf
"Raw","baby97","Wisconsin","Santolin & Saffran (2019)",1,2,2,"Novel",12255.67,9.4137439660304,0.5,0,9497.32792304269,2758.34207695731,2.10540251076942,Inf
"Raw","baby98","Wisconsin","Santolin & Saffran (2019)",0,1,1,"Familiar",4299.67,8.36629355455062,-0.5,-1,4377.97757749473,-78.307577494731,-0.0597710384244807,Inf
"Raw","baby98","Wisconsin","Santolin & Saffran (2019)",0,1,1,"Novel",4074,8.31238059678675,0.5,0,4731.28266677291,-657.282666772906,-0.501694328803262,Inf
"Raw","SS2F1.A","Wisconsin","Saffran & Wilson (2003)",3,4,4,"Familiar",8231.5,9.01572353708808,-0.5,-1,7958.5615811904,272.938418809605,0.208329937409743,Inf
"Raw","SS2F1.A","Wisconsin","Saffran & Wilson (2003)",3,4,4,"Novel",9483.5,9.15730872542438,0.5,0,8843.22647396987,640.273526030131,0.488711498310616,Inf
"Raw","SS2F1.B","Wisconsin","Saffran & Wilson (2003)",2,3,3,"Familiar",7067,8.86319134069085,-0.5,-1,7233.34366520998,-166.343665209983,-0.126967707634728,Inf
"Raw","SS2F1.B","Wisconsin","Saffran & Wilson (2003)",2,3,3,"Novel",7583.5,8.93373011349145,0.5,0,7315.33855115686,268.161448843141,0.204683745501465,Inf
"Raw","SS2F11.A","Wisconsin","Saffran & Wilson (2003)",1,2,2,"Familiar",6765,8.81951754060489,-0.5,-1,7496.00725226875,-731.007252268748,-0.557967235889391,Inf
"Raw","SS2F11.A","Wisconsin","Saffran & Wilson (2003)",1,2,2,"Novel",7326.5,8.89925319107808,0.5,0,6775.33213138303,551.167868616974,0.420698442058956,Inf
"Raw","SS2F12.A","Wisconsin","Saffran & Wilson (2003)",0,1,1,"Familiar",11010,9.30655922971673,-0.5,-1,10380.8643879055,629.135612094542,0.480210090105805,Inf
"Raw","SS2F12.A","Wisconsin","Saffran & Wilson (2003)",0,1,1,"Novel",9173,9.12401966550966,0.5,0,8857.51926018714,315.48073981286,0.240801874158434,Inf
"Raw","SS2F12.B","Wisconsin","Saffran & Wilson (2003)",0,1,1,"Familiar",7725,8.95221710176595,-0.5,-1,7949.89914863663,-224.899148636633,-0.171662259066789,Inf
"Raw","SS2F12.B","Wisconsin","Saffran & Wilson (2003)",0,1,1,"Novel",6292.5,8.74711372700947,0.5,0,6426.55402091831,-134.054020918315,-0.102321490353904,Inf
"Raw","SS2F13.A","Wisconsin","Saffran & Wilson (2003)",1,2,2,"Familiar",4980,8.5131851700187,-0.5,-1,6803.05105925683,-1823.05105925683,-1.39150843888591,Inf
"Raw","SS2F13.A","Wisconsin","Saffran & Wilson (2003)",1,2,2,"Novel",7354,8.90299966186122,0.5,0,6082.37593837111,1271.62406162889,0.970612207410307,Inf
"Raw","SS2F14.A","Wisconsin","Saffran & Wilson (2003)",2,3,3,"Familiar",5420,8.59785109443369,-0.5,-1,5698.98291123794,-278.982911237938,-0.212943610833808,Inf
"Raw","SS2F14.A","Wisconsin","Saffran & Wilson (2003)",2,3,3,"Novel",5339,8.58279364850019,0.5,0,5780.97779718481,-441.977797184814,-0.33735524381505,Inf
"Raw","SS2F14.B","Wisconsin","Saffran & Wilson (2003)",1,2,2,"Familiar",10073.5,9.21766349235596,-0.5,-1,9766.69556837436,306.804431625636,0.23417937392752,Inf
"Raw","SS2F14.B","Wisconsin","Saffran & Wilson (2003)",1,2,2,"Novel",9777,9.18778796750567,0.5,0,9046.02044748864,730.979552511359,0.557946093066229,Inf
"Raw","SS2F15.A","Wisconsin","Saffran & Wilson (2003)",1,2,2,"Familiar",9707,9.18060255371223,-0.5,-1,8793.40261676702,913.597383232984,0.697335635256983,Inf
"Raw","SS2F15.A","Wisconsin","Saffran & Wilson (2003)",1,2,2,"Novel",7675,8.9457235724554,0.5,0,8072.72749588129,-397.727495881294,-0.303579630469259,Inf
"Raw","SS2F15.B","Wisconsin","Saffran & Wilson (2003)",2,3,3,"Familiar",6853.5,8.83251474967144,-0.5,-1,8256.1194061334,-1402.6194061334,-1.07059905440904,Inf
"Raw","SS2F15.B","Wisconsin","Saffran & Wilson (2003)",2,3,3,"Novel",10391,9.24869532585265,0.5,0,8338.11429208028,2052.88570791972,1.56693789355689,Inf
"Raw","SS2F18.A","Wisconsin","Saffran & Wilson (2003)",0,1,1,"Familiar",7505,8.92332474406756,-0.5,-1,8456.16131183851,-951.16131183851,-0.726007637276282,Inf
"Raw","SS2F18.A","Wisconsin","Saffran & Wilson (2003)",0,1,1,"Novel",7796.5,8.96143019402494,0.5,0,6932.81618412019,863.683815879808,0.659237333054105,Inf
"Raw","SS2F19.B","Wisconsin","Saffran & Wilson (2003)",0,1,1,"Familiar",8667.5,9.06733567755918,-0.5,-1,8823.24080867725,-155.740808677254,-0.118874700987068,Inf
"Raw","SS2F19.B","Wisconsin","Saffran & Wilson (2003)",0,1,1,"Novel",7565,8.93128762622246,0.5,0,7299.89568095894,265.104319041064,0.2023502826526,Inf
"Raw","SS2F20.B","Wisconsin","Saffran & Wilson (2003)",0,1,1,"Familiar",11800,9.37585481045376,-0.5,-1,10441.7814472627,1358.21855273731,1.03670852683403,Inf
"Raw","SS2F20.B","Wisconsin","Saffran & Wilson (2003)",0,1,1,"Novel",8537.5,9.05222350387904,0.5,0,8918.43631954438,-380.936319544377,-0.290763169047072,Inf
"Raw","SS2F21.B","Wisconsin","Saffran & Wilson (2003)",0,1,1,"Familiar",8320,9.02641753381525,-0.5,-1,8627.08393469522,-307.083934695216,-0.234392714567674,Inf
"Raw","SS2F21.B","Wisconsin","Saffran & Wilson (2003)",0,1,1,"Novel",7415,8.91126025457203,0.5,0,7103.7388069769,311.261193023101,0.237581155278176,Inf
"Raw","SS2F22.B","Wisconsin","Saffran & Wilson (2003)",1,2,2,"Familiar",5276,8.5709235138372,-0.5,-1,6397.72590055627,-1121.72590055627,-0.856197114620166,Inf
"Raw","SS2F22.B","Wisconsin","Saffran & Wilson (2003)",1,2,2,"Novel",6030,8.70450228972123,0.5,0,5677.05077967054,352.949220329457,0.269401022035472,Inf
"Raw","SS2F23.B","Wisconsin","Saffran & Wilson (2003)",0,1,1,"Familiar",6991.5,8.8524504044809,-0.5,-1,7946.54772465905,-955.04772465905,-0.728974079828352,Inf
"Raw","SS2F23.B","Wisconsin","Saffran & Wilson (2003)",0,1,1,"Novel",7017.5,8.85616230823604,0.5,0,6423.20259694073,594.297403059269,0.453618590310941,Inf
"Raw","SS2F25.B","Wisconsin","Saffran & Wilson (2003)",0,1,1,"Familiar",9338,9.14184737553088,-0.5,-1,9389.23717571487,-51.2371757148667,-0.0391085932727421,Inf
"Raw","SS2F25.B","Wisconsin","Saffran & Wilson (2003)",0,1,1,"Novel",8330,9.02761873516089,0.5,0,7865.89204799655,464.107952003452,0.354246870095961,Inf
"Raw","SS2F3.A","Wisconsin","Saffran & Wilson (2003)",2,3,3,"Familiar",11133.5,9.31771386024451,-0.5,-1,9565.34332584667,1568.15667415333,1.19695125076154,Inf
"Raw","SS2F3.A","Wisconsin","Saffran & Wilson (2003)",2,3,3,"Novel",9431.5,9.15181042978578,0.5,0,9647.33821179354,-215.838211793543,-0.164746177360053,Inf
"Raw","SS2F3.B","Wisconsin","Saffran & Wilson (2003)",1,2,2,"Familiar",8056.5,8.99423449801362,-0.5,-1,7984.92086782196,71.579132178038,0.0546353136781988,Inf
"Raw","SS2F3.B","Wisconsin","Saffran & Wilson (2003)",1,2,2,"Novel",7275,8.89219909203969,0.5,0,7264.24574693624,10.7542530637602,0.00820856542451272,Inf
"Raw","SS2F6.A","Wisconsin","Saffran & Wilson (2003)",1,2,2,"Familiar",9047.5,9.1102437554379,-0.5,-1,7633.41563534963,1414.08436465037,1.0793500910006,Inf
"Raw","SS2F6.A","Wisconsin","Saffran & Wilson (2003)",1,2,2,"Novel",5392.5,8.59276437826331,0.5,0,6912.74051446391,-1520.24051446391,-1.16037754086555,Inf
"Raw","SS2F7.B","Wisconsin","Saffran & Wilson (2003)",2,3,3,"Familiar",6802.5,8.8250454706574,-0.5,-1,7016.68396218862,-214.183962188617,-0.1634835126236,Inf
"Raw","SS2F7.B","Wisconsin","Saffran & Wilson (2003)",2,3,3,"Novel",7298.5,8.89542412657063,0.5,0,7098.67884813549,199.821151864506,0.152520587767142,Inf
"Raw","SS2F8.A","Wisconsin","Saffran & Wilson (2003)",2,3,3,"Familiar",5070,8.53109609658523,-0.5,-1,5054.12950943368,15.8704905663217,0.012113715323639,Inf
"Raw","SS2F8.A","Wisconsin","Saffran & Wilson (2003)",2,3,3,"Novel",4053.5,8.30733598442776,0.5,0,5136.12439538055,-1082.62439538055,-0.826351502700046,Inf
"Raw","SS2M1.B","Wisconsin","Saffran & Wilson (2003)",4,5,5,"Familiar",5165,8.54966038155374,-0.5,-1,4864.73330342207,300.266696577933,0.229189215564217,Inf
"Raw","SS2M1.B","Wisconsin","Saffran & Wilson (2003)",4,5,5,"Novel",5928.5,8.68752650889813,0.5,0,6552.06820303414,-623.568203034138,-0.475960567498664,Inf
"Raw","SS2M10.A","Wisconsin","Saffran & Wilson (2003)",2,3,3,"Familiar",5634,8.63657494843632,-0.5,-1,6259.45928584189,-625.459285841886,-0.477404003584698,Inf
"Raw","SS2M10.A","Wisconsin","Saffran & Wilson (2003)",2,3,3,"Novel",6546.5,8.78668583466781,0.5,0,6341.45417178876,205.045828211239,0.156508507463637,Inf
"Raw","SS2M13.B","Wisconsin","Saffran & Wilson (2003)",1,2,2,"Familiar",13156.5,9.48467121205955,-0.5,-1,9888.72682967575,3267.77317032425,2.49424387747252,Inf
"Raw","SS2M13.B","Wisconsin","Saffran & Wilson (2003)",1,2,2,"Novel",7003.5,8.8541653030791,0.5,0,9168.05170879003,-2164.55170879003,-1.65217093283941,Inf
"Raw","SS2M15.B","Wisconsin","Saffran & Wilson (2003)",1,2,2,"Familiar",5688.5,8.64620187197977,-0.5,-1,5994.56931031178,-306.069310311779,-0.233618266488075,Inf
"Raw","SS2M15.B","Wisconsin","Saffran & Wilson (2003)",1,2,2,"Novel",4595,8.43272403478979,0.5,0,5273.89418942606,-678.894189426057,-0.518190090672539,Inf
"Raw","SS2M17.A","Wisconsin","Saffran & Wilson (2003)",0,1,1,"Familiar",10391.5,9.24874344325913,-0.5,-1,9313.7315649258,1077.7684350742,0.822645018610706,Inf
"Raw","SS2M17.A","Wisconsin","Saffran & Wilson (2003)",0,1,1,"Novel",7085,8.86573515212478,0.5,0,7790.38643720748,-705.386437207483,-0.538411239260631,Inf
"Raw","SS2M18.A","Wisconsin","Saffran & Wilson (2003)",2,3,3,"Familiar",9680,9.17781718027062,-0.5,-1,8193.230920907,1486.769079093,1.13482927959018,Inf
"Raw","SS2M18.A","Wisconsin","Saffran & Wilson (2003)",2,3,3,"Novel",7405,8.9099107267019,0.5,0,8275.22580685388,-870.225806853876,-0.66423073990429,Inf
"Raw","SS2M19.A","Wisconsin","Saffran & Wilson (2003)",0,1,1,"Familiar",8078.5,8.99696149071688,-0.5,-1,7141.6145422785,936.885457721504,0.715111084831824,Inf
"Raw","SS2M19.A","Wisconsin","Saffran & Wilson (2003)",0,1,1,"Novel",3889,8.26590733415575,0.5,0,5618.26941456018,-1729.26941456018,-1.31992626934361,Inf
"Raw","SS2M2.A","Wisconsin","Saffran & Wilson (2003)",3,4,4,"Familiar",4985,8.51418868239594,-0.5,-1,5442.43074437359,-457.43074437359,-0.349150254333079,Inf
"Raw","SS2M2.A","Wisconsin","Saffran & Wilson (2003)",3,4,4,"Novel",6348.5,8.75597384350985,0.5,0,6327.09563715306,21.4043628469371,0.0163376397930569,Inf
"Raw","SS2M2.B","Wisconsin","Saffran & Wilson (2003)",1,2,2,"Familiar",5697.5,8.64778276111984,-0.5,-1,5996.14645100711,-298.646451007113,-0.22795250561393,Inf
"Raw","SS2M2.B","Wisconsin","Saffran & Wilson (2003)",1,2,2,"Novel",4590,8.43163530305459,0.5,0,5275.47133012139,-685.471330121391,-0.523210326795288,Inf
"Raw","SS2M24.A","Wisconsin","Saffran & Wilson (2003)",0,1,1,"Familiar",7537.5,8.92764584103544,-0.5,-1,7181.04305966182,356.456940338181,0.272078413855413,Inf
"Raw","SS2M24.A","Wisconsin","Saffran & Wilson (2003)",0,1,1,"Novel",4530,8.41847721847708,0.5,0,5657.6979319435,-1127.6979319435,-0.860755479582262,Inf
"Raw","SS2M25.A","Wisconsin","Saffran & Wilson (2003)",0,1,1,"Familiar",5707.5,8.64953637840395,-0.5,-1,6893.21488276356,-1185.71488276356,-0.905038976884552,Inf
"Raw","SS2M25.A","Wisconsin","Saffran & Wilson (2003)",0,1,1,"Novel",5630,8.63586472113374,0.5,0,5369.86975504524,260.130244954763,0.198553644027705,Inf
"Raw","SS2M27.A","Wisconsin","Saffran & Wilson (2003)",1,2,2,"Familiar",8417.5,9.03806815103523,-0.5,-1,8138.49494303001,279.005056969991,0.212960514349966,Inf
"Raw","SS2M27.A","Wisconsin","Saffran & Wilson (2003)",1,2,2,"Novel",7303.5,8.89610896429087,0.5,0,7417.81982214429,-114.319822144286,-0.0872586625799489,Inf
"Raw","SS2M28.A","Wisconsin","Saffran & Wilson (2003)",0,1,1,"Familiar",8960,9.10052550596898,-0.5,-1,9922.90215849815,-962.902158498153,-0.734969255286706,Inf
"Raw","SS2M28.A","Wisconsin","Saffran & Wilson (2003)",0,1,1,"Novel",10061.5,9.21647153790642,0.5,0,8399.55703077984,1661.94296922016,1.26853696986397,Inf
"Raw","SS2M4.B","Wisconsin","Saffran & Wilson (2003)",1,2,2,"Familiar",9695,9.17936556767675,-0.5,-1,9239.73343354624,455.266566453758,0.347498368707932,Inf
"Raw","SS2M4.B","Wisconsin","Saffran & Wilson (2003)",1,2,2,"Novel",8819,9.08466376388818,0.5,0,8519.05831266052,299.94168733948,0.228941140725212,Inf
"Raw","SS2M5.B","Wisconsin","Saffran & Wilson (2003)",2,3,3,"Familiar",9432.5,9.15191645183847,-0.5,-1,8770.66155798578,661.838442014225,0.505171685985209,Inf
"Raw","SS2M5.B","Wisconsin","Saffran & Wilson (2003)",2,3,3,"Novel",9117,9.1178960815849,0.5,0,8852.65644393265,264.343556067348,0.201769603305995,Inf
"Raw","SS2M7.A","Wisconsin","Saffran & Wilson (2003)",2,3,3,"Familiar",7393,8.9082888855571,-0.5,-1,8222.01373859682,-829.013738596825,-0.632774165787816,Inf
"Raw","SS2M7.A","Wisconsin","Saffran & Wilson (2003)",2,3,3,"Novel",9765,9.18655984331078,0.5,0,8304.0086245437,1460.9913754563,1.1151535321867,Inf
"Raw","SS2M7.B","Wisconsin","Saffran & Wilson (2003)",2,3,3,"Familiar",4634,8.44117570499232,-0.5,-1,4931.30967778462,-297.309677784624,-0.226932165996713,Inf
"Raw","SS2M7.B","Wisconsin","Saffran & Wilson (2003)",2,3,3,"Novel",4178,8.33758794211651,0.5,0,5013.3045637315,-835.304563731501,-0.637575861394754,Inf
"Raw","SS2M9.B","Wisconsin","Saffran & Wilson (2003)",2,3,3,"Familiar",5957.5,8.6924062089729,-0.5,-1,6335.5563243917,-378.0563243917,-0.288564910507603,Inf
"Raw","SS2M9.B","Wisconsin","Saffran & Wilson (2003)",2,3,3,"Novel",6416,8.76655014954635,0.5,0,6417.55121033858,-1.55121033857631,-0.00118401635854123,Inf
"Raw","G3M2.P","Wisconsin","Saffran et al. (2008)",1,2,2,"Familiar",7633,8.94023623179847,-0.5,-1,5898.37794886757,1734.62205113243,1.32401185922479,Inf
"Raw","G3M2.P","Wisconsin","Saffran et al. (2008)",1,2,2,"Novel",5457,8.60465446718623,0.5,0,6840.12402036363,-1383.12402036363,-1.05571850913839,Inf
"Raw","G3M9.P","Wisconsin","Saffran et al. (2008)",2,3,3,"Familiar",5805,8.66647489413199,-0.5,-1,4705.49210057575,1099.50789942425,0.839238436522043,Inf
"Raw","G3M9.P","Wisconsin","Saffran et al. (2008)",2,3,3,"Novel",4732,8.46210322509828,0.5,0,6022.59702068649,-1290.59702068649,-0.985093991946862,Inf
"Raw","G3M11.P","Wisconsin","Saffran et al. (2008)",1,2,2,"Familiar",4104,8.31971738685061,-0.5,-1,4675.6996248107,-571.699624810699,-0.436370033846606,Inf
"Raw","G3M11.P","Wisconsin","Saffran et al. (2008)",1,2,2,"Novel",5885,8.68016201969438,0.5,0,5617.44569630676,267.554303693244,0.204220320412288,Inf
"Raw","G3F4.P","Wisconsin","Saffran et al. (2008)",1,2,2,"Familiar",6389,8.76233304060234,-0.5,-1,6504.78854622309,-115.788546223088,-0.0883797183724732,Inf
"Raw","G3F4.P","Wisconsin","Saffran et al. (2008)",1,2,2,"Novel",8239,9.01663425631559,0.5,0,7446.53461771914,792.465382280855,0.604877335371112,Inf
"Raw","G3M13.P","Wisconsin","Saffran et al. (2008)",5,6,6,"Familiar",3552,8.17526610411206,-0.5,-1,3728.328132652,-176.328132652001,-0.134588706856228,Inf
"Raw","G3M13.P","Wisconsin","Saffran et al. (2008)",5,6,6,"Novel",5924,8.68676717538769,0.5,0,6171.5095986068,-247.509598606798,-0.188920487672475,Inf
"Raw","G3F9.P","Wisconsin","Saffran et al. (2008)",3,4,4,"Familiar",4962,8.50956416425175,-0.5,-1,5566.04343760744,-604.043437607436,-0.461057597161894,Inf
"Raw","G3F9.P","Wisconsin","Saffran et al. (2008)",3,4,4,"Novel",8230,9.01554129367111,0.5,0,7258.50720633286,971.492793667136,0.741526362545075,Inf
"Raw","G3M19.P","Wisconsin","Saffran et al. (2008)",1,2,2,"Familiar",3197,8.06996814905984,-0.5,-1,4116.60324831517,-919.603248315168,-0.701919824987838,Inf
"Raw","G3M19.P","Wisconsin","Saffran et al. (2008)",1,2,2,"Novel",5374,8.58932778917544,0.5,0,5058.34931981123,315.650680188774,0.240931587183197,Inf
"Raw","G3F14.P","Wisconsin","Saffran et al. (2008)",3,4,4,"Familiar",3372,8.12326131912175,-0.5,-1,3389.58927804796,-17.5892780479649,-0.0134256408855774,Inf
"Raw","G3F14.P","Wisconsin","Saffran et al. (2008)",3,4,4,"Novel",4300,8.36637030168165,0.5,0,5082.05304677339,-782.053046773392,-0.596929750659441,Inf
"Raw","G3F18.P","Wisconsin","Saffran et al. (2008)",1,2,2,"Familiar",5848,8.67385500142962,-0.5,-1,5334.94443545987,513.055564540128,0.391607872993964,Inf
"Raw","G3F18.P","Wisconsin","Saffran et al. (2008)",1,2,2,"Novel",5813,8.66785206770135,0.5,0,6276.69050695593,-463.690506955929,-0.353928240344232,Inf
"Raw","G3F20.P","Wisconsin","Saffran et al. (2008)",0,1,1,"Familiar",4313,8.36938899664784,-0.5,-1,4712.54134342346,-399.541343423462,-0.304964113997004,Inf
"Raw","G3F20.P","Wisconsin","Saffran et al. (2008)",0,1,1,"Novel",5297,8.57489590154453,0.5,0,5278.92856630484,18.0714336951642,0.0137936632997208,Inf
"Raw","G3M31.P","Wisconsin","Saffran et al. (2008)",2,3,3,"Familiar",3652,8.20303024171486,-0.5,-1,4164.13855690272,-512.138556902715,-0.390907934361141,Inf
"Raw","G3M31.P","Wisconsin","Saffran et al. (2008)",2,3,3,"Novel",5512,8.61468281269349,0.5,0,5481.24347701346,30.7565229865413,0.0234760080192198,Inf
"Raw","G3M27.P","Wisconsin","Saffran et al. (2008)",0,1,1,"Familiar",3425,8.13885675069633,-0.5,-1,4201.54775813559,-776.547758135586,-0.59272764367011,Inf
"Raw","G3M27.P","Wisconsin","Saffran et al. (2008)",0,1,1,"Novel",4889,8.49474306257865,0.5,0,4767.93498101696,121.065018983039,0.0924071735201185,Inf
"Log-transformed","baby50996","Barcelona","Santolin, Saffran &
Sebastian-Galles (2019)",0,1,3,"Familiar",6541,8.78584533796121,-0.5,-1,8.72930053597189,0.0565448019893253,0.278745327214945,6181.40292973088
"Log-transformed","baby50996","Barcelona","Santolin, Saffran &
Sebastian-Galles (2019)",0,1,3,"Novel",4770.83,8.47027557293829,0.5,0,8.63202835453045,-0.161752781592165,-0.797382437405077,5608.44263344364
"Log-transformed","baby51010","Barcelona","Santolin, Saffran &
Sebastian-Galles (2019)",0,1,1,"Familiar",7654.67,8.94307119808353,-0.5,-1,8.91820562826116,0.0248655698223725,0.122578223862766,7466.67920385366
"Log-transformed","baby51010","Barcelona","Santolin, Saffran &
Sebastian-Galles (2019)",0,1,1,"Novel",6785.17,8.82249462722407,0.5,0,8.82093344681972,0.00156118040434805,0.00769605210985991,6774.58538994854
"Log-transformed","baby51274","Barcelona","Santolin, Saffran &
Sebastian-Galles (2019)",0,1,3,"Familiar",3580.25,8.18318790935881,-0.5,-1,8.48428432979837,-0.301096420439558,-1.48429594385206,4838.13371753207
"Log-transformed","baby51274","Barcelona","Santolin, Saffran &
Sebastian-Galles (2019)",0,1,3,"Novel",4501.5,8.41216595354853,0.5,0,8.38701214835693,0.0251538051915965,0.123999119497424,4389.68236113503
"Log-transformed","baby51689","Barcelona","Santolin, Saffran &
Sebastian-Galles (2019)",0,1,2,"Familiar",7520.67,8.92541050871978,-0.5,-1,8.80234680190012,0.123063706819657,0.60665935716258,6649.83154599759
"Log-transformed","baby51689","Barcelona","Santolin, Saffran &
Sebastian-Galles (2019)",0,1,2,"Novel",5052.83,8.52770376134579,0.5,0,8.70507462045868,-0.177370859112896,-0.874373884466938,6033.45214213613
"Log-transformed","baby52110","Barcelona","Santolin, Saffran &
Sebastian-Galles (2019)",0,1,1,"Familiar",8974.83,9.10217927167291,-0.5,-1,9.18507532568552,-0.0828960540126076,-0.40864742447828,9750.51444008408
"Log-transformed","baby52110","Barcelona","Santolin, Saffran &
Sebastian-Galles (2019)",0,1,1,"Novel",11885.67,9.38308875178551,0.5,0,9.08780314424408,0.295285607541427,1.45565074772987,8846.72969962116
"Log-transformed","baby53657","Barcelona","Santolin, Saffran &
Sebastian-Galles (2019)",0,1,3,"Familiar",9755.17,9.1855526798659,-0.5,-1,8.9359619019918,0.249590777874092,1.2303918415256,7600.44366840171
"Log-transformed","baby53657","Barcelona","Santolin, Saffran &
Sebastian-Galles (2019)",0,1,3,"Novel",5585.33,8.62789879659749,0.5,0,8.83868972055037,-0.210790923952876,-1.03912266033361,6895.95109516777
"Log-transformed","baby53858","Barcelona","Santolin, Saffran &
Sebastian-Galles (2019)",0,1,1,"Familiar",5321.17,8.5794484829678,-0.5,-1,8.59524883655364,-0.0158003535858402,-0.0778900018294929,5405.91409781397
"Log-transformed","baby53858","Barcelona","Santolin, Saffran &
Sebastian-Galles (2019)",0,1,1,"Novel",4085.33,8.31515778738504,0.5,0,8.49797665511221,-0.182818867727171,-0.901230587301314,4904.83462145605
"Log-transformed","baby53918","Barcelona","Santolin, Saffran &
Sebastian-Galles (2019)",0,1,1,"Familiar",8838.67,9.08689169182389,-0.5,-1,8.86962423601596,0.217267455807933,1.07104960901223,7112.60780911456
"Log-transformed","baby53918","Barcelona","Santolin, Saffran &
Sebastian-Galles (2019)",0,1,1,"Novel",5154.67,8.54765837888307,0.5,0,8.77235205457452,-0.224693675691455,-1.1076581745846,6453.33321983251
"Log-transformed","baby54153","Barcelona","Santolin, Saffran &
Sebastian-Galles (2019)",0,1,1,"Familiar",5755.17,8.65785386025054,-0.5,-1,8.8617850332101,-0.203931172959553,-1.00530658055306,7057.0686099643
"Log-transformed","baby54153","Barcelona","Santolin, Saffran &
Sebastian-Galles (2019)",0,1,1,"Novel",7750.83,8.95555521338714,0.5,0,8.76451285176866,0.191042361618477,0.941769424027895,6402.94200348849
"Log-transformed","baby54163","Barcelona","Santolin, Saffran &
Sebastian-Galles (2019)",0,1,1,"Familiar",6388,8.7621765093349,-0.5,-1,8.83796400250245,-0.0757874931675424,-0.373604802538263,6890.94839449507
"Log-transformed","baby54163","Barcelona","Santolin, Saffran &
Sebastian-Galles (2019)",0,1,1,"Novel",6548.5,8.78699129476946,0.5,0,8.74069182106101,0.0462994737084479,0.228239581618439,6252.21963361459
"Log-transformed","baby54177","Barcelona","Santolin, Saffran &
Sebastian-Galles (2019)",0,1,2,"Familiar",5053,8.52773740529191,-0.5,-1,8.55441134918512,-0.0266739438932113,-0.131492850926066,5189.59713163764
"Log-transformed","baby54177","Barcelona","Santolin, Saffran &
Sebastian-Galles (2019)",0,1,2,"Novel",3853.5,8.25673710521805,0.5,0,8.45713916774368,-0.200402062525635,-0.987909348480938,4708.56828689868
"Log-transformed","baby54295","Barcelona","Santolin, Saffran &
Sebastian-Galles (2019)",0,1,2,"Familiar",7073.83,8.86415733781141,-0.5,-1,8.8618063300747,0.00235100773670815,0.0115896138601263,7057.21890499939
"Log-transformed","baby54295","Barcelona","Santolin, Saffran &
Sebastian-Galles (2019)",0,1,2,"Novel",6306.33,8.74930916984901,0.5,0,8.76453414863326,-0.0152249787842571,-0.075053613130691,6403.07836752947
"Log-transformed","baby54489","Barcelona","Santolin, Saffran &
Sebastian-Galles (2019)",0,1,2,"Familiar",6584.83,8.79252379759509,-0.5,-1,8.93891764969457,-0.146393852099488,-0.721668495955324,7622.94189547657
"Log-transformed","baby54489","Barcelona","Santolin, Saffran &
Sebastian-Galles (2019)",0,1,2,"Novel",8340.67,9.02889882785747,0.5,0,8.84164546825314,0.187253359604329,0.923091020901623,6916.36393952333
"Log-transformed","baby54607","Barcelona","Santolin, Saffran &
Sebastian-Galles (2019)",1,2,2,"Familiar",5616.33,8.63343370466307,-0.5,-1,8.65262463445201,-0.0191909297889445,-0.0946043104826552,5725.15346657619
"Log-transformed","baby54607","Barcelona","Santolin, Saffran &
Sebastian-Galles (2019)",1,2,2,"Novel",5303,8.57602797713713,0.5,0,8.65973732380913,-0.0837093466719985,-0.41265666176425,5766.01986742599
"Log-transformed","baby54711","Barcelona","Santolin, Saffran &
Sebastian-Galles (2019)",0,1,1,"Familiar",16625.5,9.71869294025977,-0.5,-1,9.50989784807591,0.208795092183868,1.02928393493454,13492.6159494183
"Log-transformed","baby54711","Barcelona","Santolin, Saffran &
Sebastian-Galles (2019)",0,1,1,"Novel",15406.83,9.64256619657529,0.5,0,9.41262566663447,0.229940529940821,1.1335232594931,12241.9721522172
"Log-transformed","baby54916","Barcelona","Santolin, Saffran &
Sebastian-Galles (2019)",0,1,1,"Familiar",9547.33,9.16401681323285,-0.5,-1,9.04006606718474,0.123950746048102,0.611032138236817,8434.33427031907
"Log-transformed","baby54916","Barcelona","Santolin, Saffran &
Sebastian-Galles (2019)",0,1,1,"Novel",7556.67,8.93018589594497,0.5,0,8.94279388574331,-0.0126079897983384,-0.0621528083611293,7652.54755985171
"Log-transformed","baby54953","Barcelona","Santolin, Saffran &
Sebastian-Galles (2019)",0,1,1,"Familiar",9747,9.18471482433721,-0.5,-1,9.03268558963681,0.152029234700404,0.74944888445806,8372.31400671425
"Log-transformed","baby54953","Barcelona","Santolin, Saffran &
Sebastian-Galles (2019)",0,1,1,"Novel",7256,8.88958399179497,0.5,0,8.93541340819537,-0.0458294164003963,-0.225922369893701,7596.27601526987
"Log-transformed","baby54965","Barcelona","Santolin, Saffran &
Sebastian-Galles (2019)",0,1,1,"Familiar",9526.5,9.16183266791114,-0.5,-1,9.0287379428748,0.133094725036338,0.656108632016097,8339.3282193907
"Log-transformed","baby54965","Barcelona","Santolin, Saffran &
Sebastian-Galles (2019)",0,1,1,"Novel",7345.33,8.90182001612153,0.5,0,8.93146576143336,-0.0296457453118375,-0.146142752061261,7566.34771290451
"Log-transformed","baby55012","Barcelona","Santolin, Saffran &
Sebastian-Galles (2019)",1,2,2,"Familiar",5160.83,8.54885269825338,-0.5,-1,8.66886977577757,-0.120017077524196,-0.59164058178467,5818.91894841701
"Log-transformed","baby55012","Barcelona","Santolin, Saffran &
Sebastian-Galles (2019)",1,2,2,"Novel",6029.5,8.70441936754365,0.5,0,8.67598246513469,0.0284369024089575,0.140183595805336,5860.45465145916
"Log-transformed","baby55015","Barcelona","Santolin, Saffran &
Sebastian-Galles (2019)",0,1,2,"Familiar",8689,9.06981313683921,-0.5,-1,9.00663624643591,0.0631768904032928,0.31143911320466,8157.03681372799
"Log-transformed","baby55015","Barcelona","Santolin, Saffran &
Sebastian-Galles (2019)",0,1,2,"Novel",7587.33,8.93423502984492,0.5,0,8.90936406499448,0.0248709648504466,0.122604819390789,7400.95307630643
"Log-transformed","baby55348","Barcelona","Santolin, Saffran &
Sebastian-Galles (2019)",0,1,1,"Familiar",6477.67,8.77611615678505,-0.5,-1,8.79219631596429,-0.0160801591792392,-0.0792693417324482,6582.673942187
"Log-transformed","baby55348","Barcelona","Santolin, Saffran &
Sebastian-Galles (2019)",0,1,1,"Novel",5708,8.64962397859673,0.5,0,8.69492413452285,-0.0453001559261228,-0.223313308072048,5972.51944244758
"Log-transformed","baby55503","Barcelona","Santolin, Saffran &
Sebastian-Galles (2019)",0,1,1,"Familiar",4452.5,8.40122101516382,-0.5,-1,8.73827430388483,-0.337053288721016,-1.66155023889109,6237.1230407499
"Log-transformed","baby55503","Barcelona","Santolin, Saffran &
Sebastian-Galles (2019)",0,1,1,"Novel",7180.33,8.87910062198888,0.5,0,8.6410021224434,0.238098499545485,1.17373908529599,5658.99799275799
"Log-transformed","baby55547","Barcelona","Santolin, Saffran &
Sebastian-Galles (2019)",0,1,1,"Familiar",13596.67,9.51758018880159,-0.5,-1,9.22641298724768,0.291167201553909,1.43534850270987,10162.0247454554
"Log-transformed","baby55547","Barcelona","Santolin, Saffran &
Sebastian-Galles (2019)",0,1,1,"Novel",8770.67,9.07916847925544,0.5,0,9.12914080580625,-0.0499723265508081,-0.24634541153273,9220.09671144391
"Log-transformed","baby56526","Barcelona","Santolin, Saffran &
Sebastian-Galles (2019)",0,1,1,"Familiar",9924.17,9.20272847485441,-0.5,-1,8.90821096222238,0.294517512632035,1.45186431892797,7392.42393523111
"Log-transformed","baby56526","Barcelona","Santolin, Saffran &
Sebastian-Galles (2019)",0,1,1,"Novel",5094.33,8.53588343553772,0.5,0,8.81093878078094,-0.275055345243221,-1.35592290563712,6707.21291495626
"Log-transformed","baby10","Wisconsin","Santolin & Saffran (2019)",1,2,2,"Familiar",8213.83,9.01357459793028,-0.5,-1,8.80088581400419,0.212688783926088,1.04847842037927,6640.12331612895
"Log-transformed","baby10","Wisconsin","Santolin & Saffran (2019)",1,2,2,"Novel",6076.66,8.71221048191129,0.5,0,8.80799850336131,-0.0957880214500193,-0.472200139411549,6687.52081258265
"Log-transformed","baby11","Wisconsin","Santolin & Saffran (2019)",0,1,1,"Familiar",3963.33,8.28483985997347,-0.5,-1,8.67929277629111,-0.394452916317643,-1.94450954573345,5879.88672523393
"Log-transformed","baby11","Wisconsin","Santolin & Saffran (2019)",0,1,1,"Novel",7730.33,8.95290683148525,0.5,0,8.58202059484968,0.37088623663557,1.82833437828677,5334.87426147401
"Log-transformed","baby15","Wisconsin","Santolin & Saffran (2019)",0,1,1,"Familiar",7185.5,8.8798203855143,-0.5,-1,8.78807257449669,0.0917478110176155,0.45228337006447,6555.58458981517
"Log-transformed","baby15","Wisconsin","Santolin & Saffran (2019)",0,1,1,"Novel",5717.5,8.65128692589694,0.5,0,8.69080039305525,-0.0395134671583133,-0.194787035146402,5947.94102869885
"Log-transformed","baby23","Wisconsin","Santolin & Saffran (2019)",0,1,1,"Familiar",4622,8.43858279083433,-0.5,-1,8.68630082507632,-0.247718034241997,-1.22115989591517,5921.23798483884
"Log-transformed","baby23","Wisconsin","Santolin & Saffran (2019)",0,1,1,"Novel",6755.17,8.81806341662093,0.5,0,8.58902864363489,0.229034772986042,1.12905820682947,5372.39263229551
"Log-transformed","baby25","Wisconsin","Santolin & Saffran (2019)",1,2,2,"Familiar",3221,8.0774471493312,-0.5,-1,8.26025717116772,-0.18281002183652,-0.901186980274721,3867.0884762723
"Log-transformed","baby25","Wisconsin","Santolin & Saffran (2019)",1,2,2,"Novel",3606,8.19035440376326,0.5,0,8.26736986052484,-0.0770154567615737,-0.37965821685371,3894.69192633098
"Log-transformed","baby28","Wisconsin","Santolin & Saffran (2019)",3,4,4,"Familiar",5842.83,8.67297054748802,-0.5,-1,8.60343931942645,0.0695312280615692,0.342763688894657,5450.37296590312
"Log-transformed","baby28","Wisconsin","Santolin & Saffran (2019)",3,4,4,"Novel",6909,8.8405801884888,0.5,0,8.81932175038067,0.0212584381081289,0.10479637522911,6763.6756087888
"Log-transformed","baby30","Wisconsin","Santolin & Saffran (2019)",0,1,1,"Familiar",3823.33,8.24887704961534,-0.5,-1,8.3772561308735,-0.12837908125816,-0.632862221705462,4347.06477028138
"Log-transformed","baby30","Wisconsin","Santolin & Saffran (2019)",0,1,1,"Novel",3548.67,8.17432816438408,0.5,0,8.27998394943207,-0.105655785047984,-0.520844628316361,3944.13107592849
"Log-transformed","baby31","Wisconsin","Santolin & Saffran (2019)",3,4,4,"Familiar",3233.33,8.081267844895,-0.5,-1,8.32553462517565,-0.244266780280656,-1.20414646796228,4127.94352114922
"Log-transformed","baby31","Wisconsin","Santolin & Saffran (2019)",3,4,4,"Novel",5900.67,8.68282118276847,0.5,0,8.54141705612987,0.1414041266386,0.697070962541545,5122.59823008798
"Log-transformed","baby39","Wisconsin","Santolin & Saffran (2019)",1,2,2,"Familiar",3990.25,8.29160916456267,-0.5,-1,8.48080444894881,-0.189195284386143,-0.932664004441928,4821.32684857186
"Log-transformed","baby39","Wisconsin","Santolin & Saffran (2019)",1,2,2,"Novel",5276.25,8.57097089709671,0.5,0,8.48791713830593,0.0830537587907809,0.409424851729746,4855.74169470164
"Log-transformed","baby49","Wisconsin","Santolin & Saffran (2019)",1,2,2,"Familiar",9794.33,9.18955892579306,-0.5,-1,9.02179549224001,0.16776343355305,0.827012767491446,8281.63334852611
"Log-transformed","baby49","Wisconsin","Santolin & Saffran (2019)",1,2,2,"Novel",9246.33,9.13198199502093,0.5,0,9.02890818159712,0.103073813423805,0.508116446415972,8340.74801682062
"Log-transformed","baby53","Wisconsin","Santolin & Saffran (2019)",1,2,2,"Familiar",5418.5,8.59757430336305,-0.5,-1,8.70955449828788,-0.111980194924827,-0.5520216709187,6060.54190472856
"Log-transformed","baby53","Wisconsin","Santolin & Saffran (2019)",1,2,2,"Novel",7200.5,8.88190574703744,0.5,0,8.71666718764499,0.165238559392444,0.81456605533906,6103.80232321193
"Log-transformed","baby54","Wisconsin","Santolin & Saffran (2019)",1,2,2,"Familiar",9212.5,9.12831653649759,-0.5,-1,9.14455549360274,-0.0162389571051431,-0.0800521578050112,9363.32267948176
"Log-transformed","baby54","Wisconsin","Santolin & Saffran (2019)",1,2,2,"Novel",13688.17,9.52428723513255,0.5,0,9.15166818295985,0.372619052172693,1.83687652923443,9430.15849447599
"Log-transformed","baby58","Wisconsin","Santolin & Saffran (2019)",1,2,2,"Familiar",3677.67,8.21003467846358,-0.5,-1,8.25649282446638,-0.0464581460028004,-0.229021778373104,3852.5587790892
"Log-transformed","baby58","Wisconsin","Santolin & Saffran (2019)",1,2,2,"Novel",3126.33,8.04761507162851,0.5,0,8.2636055138235,-0.215990442194984,-1.06475439592675,3880.05851552121
"Log-transformed","baby67","Wisconsin","Santolin & Saffran (2019)",1,2,3,"Familiar",5487.83,8.61028819224955,-0.5,-1,8.52120336969525,0.0890848225542964,0.439155804586079,5020.09114901507
"Log-transformed","baby67","Wisconsin","Santolin & Saffran (2019)",1,2,3,"Novel",4278,8.36124088964235,0.5,0,8.52831605905237,-0.167075169410017,-0.823619875359712,5055.9247835885
"Log-transformed","baby70","Wisconsin","Santolin & Saffran (2019)",0,1,1,"Familiar",5046,8.526351129201,-0.5,-1,8.60554719618467,-0.079196066983668,-0.390407832883856,5461.87379731089
"Log-transformed","baby70","Wisconsin","Santolin & Saffran (2019)",0,1,1,"Novel",4976.67,8.51251627165727,0.5,0,8.50827501474324,0.00424125691403177,0.0209078554475727,4955.60736155745
"Log-transformed","baby71","Wisconsin","Santolin & Saffran (2019)",1,2,3,"Familiar",6400.83,8.76418294843907,-0.5,-1,8.70310421379016,0.0610787346489072,0.301095967738972,6021.5754925584
"Log-transformed","baby71","Wisconsin","Santolin & Saffran (2019)",1,2,3,"Novel",5990.33,8.6979017814117,0.5,0,8.71021690314728,-0.012315121735579,-0.0607090752307155,6064.55776705336
"Log-transformed","baby74","Wisconsin","Santolin & Saffran (2019)",1,2,2,"Familiar",9978.5,9.20818805740804,-0.5,-1,9.14269563389186,0.0654924235161847,0.322853850059729,9345.92439706765
"Log-transformed","baby74","Wisconsin","Santolin & Saffran (2019)",1,2,2,"Novel",12574.17,9.43939998881344,0.5,0,9.14980832324897,0.289591665564465,1.42758168278186,9412.63602234584
"Log-transformed","baby78","Wisconsin","Santolin & Saffran (2019)",1,2,2,"Familiar",3295.67,8.10036476465766,-0.5,-1,8.44089077764361,-0.340526012985949,-1.67866950763906,4632.67983475059
"Log-transformed","baby78","Wisconsin","Santolin & Saffran (2019)",1,2,2,"Novel",5736.33,8.65457491200534,0.5,0,8.44800346700073,0.206571445004617,1.01832216234387,4665.74811007996
"Log-transformed","baby79","Wisconsin","Santolin & Saffran (2019)",1,2,3,"Familiar",5031.5,8.52347342937339,-0.5,-1,8.77333407611161,-0.249860646738227,-1.23172219696398,6459.6736447478
"Log-transformed","baby79","Wisconsin","Santolin & Saffran (2019)",1,2,3,"Novel",9209.67,9.12800929798853,0.5,0,8.78044676546873,0.347562532519797,1.71335699209231,6505.78308339713
"Log-transformed","baby84","Wisconsin","Santolin & Saffran (2019)",0,1,1,"Familiar",4039.33,8.3038341156178,-0.5,-1,8.46036937530609,-0.156535259688292,-0.771661950301403,4723.80253142661
"Log-transformed","baby84","Wisconsin","Santolin & Saffran (2019)",0,1,1,"Novel",4202.83,8.34351338688755,0.5,0,8.36309719386466,-0.0195838069771028,-0.0965410522611327,4285.94864473192
"Log-transformed","baby86","Wisconsin","Santolin & Saffran (2019)",1,2,2,"Familiar",5223.17,8.56085977625048,-0.5,-1,8.43127757576299,0.129582200487484,0.638793162330557,4588.35832538498
"Log-transformed","baby86","Wisconsin","Santolin & Saffran (2019)",1,2,2,"Novel",3526.83,8.16815472947135,0.5,0,8.43839026512011,-0.270235535648757,-1.33216299570276,4621.11023180327
"Log-transformed","baby88","Wisconsin","Santolin & Saffran (2019)",1,2,2,"Familiar",7439.83,8.91460327810372,-0.5,-1,8.807784682429,0.106818595674721,0.526576862177571,6686.09103351144
"Log-transformed","baby88","Wisconsin","Santolin & Saffran (2019)",1,2,2,"Novel",6834.83,8.82978687686629,0.5,0,8.81489737178611,0.0148895050801787,0.073399849670117,6733.81664958249
"Log-transformed","baby93","Wisconsin","Santolin & Saffran (2019)",0,1,1,"Familiar",4049,8.30622521603216,-0.5,-1,8.44877038625415,-0.14254517022199,-0.702695892788512,4669.32773460324
"Log-transformed","baby93","Wisconsin","Santolin & Saffran (2019)",0,1,1,"Novel",4063.67,8.30984178517395,0.5,0,8.35149820481271,-0.0416564196387608,-0.205351012193862,4236.52317021984
"Log-transformed","baby94","Wisconsin","Santolin & Saffran (2019)",0,1,1,"Familiar",5295.83,8.57467499740375,-0.5,-1,8.63728730953876,-0.0626123121350108,-0.308655947491914,5638.01487230082
"Log-transformed","baby94","Wisconsin","Santolin & Saffran (2019)",0,1,1,"Novel",5165.67,8.5497900924052,0.5,0,8.54001512809733,0.00977496430787461,0.0481870221249922,5115.42174766108
"Log-transformed","baby97","Wisconsin","Santolin & Saffran (2019)",1,2,2,"Familiar",7692.5,8.9480011071962,-0.5,-1,9.03670342223817,-0.0887023150419743,-0.437270181541462,8406.0202305185
"Log-transformed","baby97","Wisconsin","Santolin & Saffran (2019)",1,2,2,"Novel",12255.67,9.4137439660304,0.5,0,9.04381611159529,0.369927854435117,1.82360990228431,8466.02277792571
"Log-transformed","baby98","Wisconsin","Santolin & Saffran (2019)",0,1,1,"Familiar",4299.67,8.36629355455062,-0.5,-1,8.47198547612752,-0.105691921576895,-0.521022768273018,4778.99463581139
"Log-transformed","baby98","Wisconsin","Santolin & Saffran (2019)",0,1,1,"Novel",4074,8.31238059678675,0.5,0,8.37471329468608,-0.062332697899329,-0.307277550912972,4336.02493886449
"Log-transformed","SS2F1.A","Wisconsin","Saffran & Wilson (2003)",3,4,4,"Familiar",8231.5,9.01572353708808,-0.5,-1,8.90933329286236,0.106390244225718,0.524465245183355,7400.7253367046
"Log-transformed","SS2F1.A","Wisconsin","Saffran & Wilson (2003)",3,4,4,"Novel",9483.5,9.15730872542438,0.5,0,9.12521572381658,0.0320930016077998,0.158206836344829,9183.97800670873
"Log-transformed","SS2F1.B","Wisconsin","Saffran & Wilson (2003)",2,3,3,"Familiar",7067,8.86319134069085,-0.5,-1,8.8292436429378,0.0339476977530531,0.167349814403015,6831.11809675569
"Log-transformed","SS2F1.B","Wisconsin","Saffran & Wilson (2003)",2,3,3,"Novel",7583.5,8.93373011349145,0.5,0,8.94074120309347,-0.0070110896020168,-0.0345621241297549,7636.85541925082
"Log-transformed","SS2F11.A","Wisconsin","Saffran & Wilson (2003)",1,2,2,"Familiar",6765,8.81951754060489,-0.5,-1,8.85963929951156,-0.0401217589066718,-0.197785692431829,7041.94225440415
"Log-transformed","SS2F11.A","Wisconsin","Saffran & Wilson (2003)",1,2,2,"Novel",7326.5,8.89925319107808,0.5,0,8.86675198886868,0.0325012022094029,0.160219116983545,7092.20795236485
"Log-transformed","SS2F12.A","Wisconsin","Saffran & Wilson (2003)",0,1,1,"Familiar",11010,9.30655922971673,-0.5,-1,9.18295623580015,0.123602993916574,0.609317846590507,9729.87410064811
"Log-transformed","SS2F12.A","Wisconsin","Saffran & Wilson (2003)",0,1,1,"Novel",9173,9.12401966550966,0.5,0,9.08568405435872,0.0383356111509396,0.188980633025665,8828.00253347824
"Log-transformed","SS2F12.B","Wisconsin","Saffran & Wilson (2003)",0,1,1,"Familiar",7725,8.95221710176595,-0.5,-1,8.91180526427703,0.0404118374889126,0.199215674436895,7419.04234842208
"Log-transformed","SS2F12.B","Wisconsin","Saffran & Wilson (2003)",0,1,1,"Novel",6292.5,8.74711372700947,0.5,0,8.8145330828356,-0.0674193558261269,-0.332352926161495,6731.3640413384
"Log-transformed","SS2F13.A","Wisconsin","Saffran & Wilson (2003)",1,2,2,"Familiar",4980,8.5131851700187,-0.5,-1,8.74743871469634,-0.234253544677646,-1.15478485493252,6294.54531735312
"Log-transformed","SS2F13.A","Wisconsin","Saffran & Wilson (2003)",1,2,2,"Novel",7354,8.90299966186122,0.5,0,8.75455140405346,0.148448257807757,0.731795969591044,6339.47606263495
"Log-transformed","SS2F14.A","Wisconsin","Saffran & Wilson (2003)",2,3,3,"Familiar",5420,8.59785109443369,-0.5,-1,8.60072470846307,-0.00287361402937414,-0.0141658729843738,5435.59738774217
"Log-transformed","SS2F14.A","Wisconsin","Saffran & Wilson (2003)",2,3,3,"Novel",5339,8.58279364850019,0.5,0,8.71222226861873,-0.129428620118547,-0.63803606691795,6076.73162423574
"Log-transformed","SS2F14.B","Wisconsin","Saffran & Wilson (2003)",1,2,2,"Familiar",10073.5,9.21766349235596,-0.5,-1,9.11426444672805,0.103399045627917,0.509719723003149,9083.95043331283
"Log-transformed","SS2F14.B","Wisconsin","Saffran & Wilson (2003)",1,2,2,"Novel",9777,9.18778796750567,0.5,0,9.12137713608516,0.066410831420507,0.327381267307656,9148.79207675079
"Log-transformed","SS2F15.A","Wisconsin","Saffran & Wilson (2003)",1,2,2,"Familiar",9707,9.18060255371223,-0.5,-1,9.01076317420479,0.169839379507437,0.837246426713477,8190.76987454188
"Log-transformed","SS2F15.A","Wisconsin","Saffran & Wilson (2003)",1,2,2,"Novel",7675,8.9457235724554,0.5,0,9.01787586356191,-0.0721522911065087,-0.355684577294807,8249.23595530557
"Log-transformed","SS2F15.B","Wisconsin","Saffran & Wilson (2003)",2,3,3,"Familiar",6853.5,8.83251474967144,-0.5,-1,8.93465949209541,-0.102144742423977,-0.503536463981835,7590.55121876153
"Log-transformed","SS2F15.B","Wisconsin","Saffran & Wilson (2003)",2,3,3,"Novel",10391,9.24869532585265,0.5,0,9.04615705225108,0.202538273601565,0.998440092853741,8485.86444986666
"Log-transformed","SS2F18.A","Wisconsin","Saffran & Wilson (2003)",0,1,1,"Familiar",7505,8.92332474406756,-0.5,-1,8.98056158609427,-0.0572368420267111,-0.282156833133798,7947.09383995462
"Log-transformed","SS2F18.A","Wisconsin","Saffran & Wilson (2003)",0,1,1,"Novel",7796.5,8.96143019402494,0.5,0,8.88328940465284,0.0781407893721031,0.385205697713345,7210.46992254869
"Log-transformed","SS2F19.B","Wisconsin","Saffran & Wilson (2003)",0,1,1,"Familiar",8667.5,9.06733567755918,-0.5,-1,9.02278462831332,0.0445510492458556,0.219620484340003,8289.82906348756
"Log-transformed","SS2F19.B","Wisconsin","Saffran & Wilson (2003)",0,1,1,"Novel",7565,8.93128762622246,0.5,0,8.92551244687189,0.00577517935056981,0.0284695356808126,7521.43668227885
"Log-transformed","SS2F20.B","Wisconsin","Saffran & Wilson (2003)",0,1,1,"Familiar",11800,9.37585481045376,-0.5,-1,9.18202900608185,0.193825804371908,0.95549078538726,9720.85645358789
"Log-transformed","SS2F20.B","Wisconsin","Saffran & Wilson (2003)",0,1,1,"Novel",8537.5,9.05222350387904,0.5,0,9.08475682464041,-0.0325333207613667,-0.160377449773861,8819.82074096272
"Log-transformed","SS2F21.B","Wisconsin","Saffran & Wilson (2003)",0,1,1,"Familiar",8320,9.02641753381525,-0.5,-1,9.00018568211801,0.0262318516972471,0.129313497042282,8104.58866505854
"Log-transformed","SS2F21.B","Wisconsin","Saffran & Wilson (2003)",0,1,1,"Novel",7415,8.91126025457203,0.5,0,8.90291350067657,0.00834675389546291,0.0411464637582895,7353.36639794445
"Log-transformed","SS2F22.B","Wisconsin","Saffran & Wilson (2003)",1,2,2,"Familiar",5276,8.5709235138372,-0.5,-1,8.69524446074739,-0.12432094691019,-0.612857093967628,5974.43290350111
"Log-transformed","SS2F22.B","Wisconsin","Saffran & Wilson (2003)",1,2,2,"Novel",6030,8.70450228972123,0.5,0,8.70235715010451,0.00214513961672047,0.0105747588345499,6017.0786720923
"Log-transformed","SS2F23.B","Wisconsin","Saffran & Wilson (2003)",0,1,1,"Familiar",6991.5,8.8524504044809,-0.5,-1,8.91524704000784,-0.0627966355269329,-0.3095645948368,7444.62102110009
"Log-transformed","SS2F23.B","Wisconsin","Saffran & Wilson (2003)",0,1,1,"Novel",7017.5,8.85616230823604,0.5,0,8.8179748585664,0.0381874496696355,0.188250250760031,6754.57180177483
"Log-transformed","SS2F25.B","Wisconsin","Saffran & Wilson (2003)",0,1,1,"Familiar",9338,9.14184737553088,-0.5,-1,9.08613411967848,0.0557132558524067,0.2746461069175,8831.97660549023
"Log-transformed","SS2F25.B","Wisconsin","Saffran & Wilson (2003)",0,1,1,"Novel",8330,9.02761873516089,0.5,0,8.98886193823704,0.0387567969238489,0.191056925840521,8013.3320372249
"Log-transformed","SS2F3.A","Wisconsin","Saffran & Wilson (2003)",2,3,3,"Familiar",11133.5,9.31771386024451,-0.5,-1,9.07864862704194,0.23906523320257,1.17850473094499,8766.11173270197
"Log-transformed","SS2F3.A","Wisconsin","Saffran & Wilson (2003)",2,3,3,"Novel",9431.5,9.15181042978578,0.5,0,9.19014618719761,-0.0383357574118293,-0.188981354038704,9800.08352123757
"Log-transformed","SS2F3.B","Wisconsin","Saffran & Wilson (2003)",1,2,2,"Familiar",8056.5,8.99423449801362,-0.5,-1,8.92180964774387,0.0724248502697495,0.357028194930206,7493.63781166911
"Log-transformed","SS2F3.B","Wisconsin","Saffran & Wilson (2003)",1,2,2,"Novel",7275,8.89219909203969,0.5,0,8.92892233710099,-0.0367232450612978,-0.181032254086565,7547.1277326682
"Log-transformed","SS2F6.A","Wisconsin","Saffran & Wilson (2003)",1,2,2,"Familiar",9047.5,9.1102437554379,-0.5,-1,8.85379443789404,0.256449317543854,1.26420194992116,7000.90312725106
"Log-transformed","SS2F6.A","Wisconsin","Saffran & Wilson (2003)",1,2,2,"Novel",5392.5,8.59276437826331,0.5,0,8.86090712725116,-0.268142748987849,-1.32184631791695,7050.87588609133
"Log-transformed","SS2F7.B","Wisconsin","Saffran & Wilson (2003)",2,3,3,"Familiar",6802.5,8.8250454706574,-0.5,-1,8.80089485647398,0.0241506141834176,0.119053752354982,6640.18335951491
"Log-transformed","SS2F7.B","Wisconsin","Saffran & Wilson (2003)",2,3,3,"Novel",7298.5,8.89542412657063,0.5,0,8.91239241662965,-0.0169682900590189,-0.0836475042510935,7423.39973569105
"Log-transformed","SS2F8.A","Wisconsin","Saffran & Wilson (2003)",2,3,3,"Familiar",5070,8.53109609658523,-0.5,-1,8.4738302932782,0.057265803307029,0.282299601722152,4787.81914437819
"Log-transformed","SS2F8.A","Wisconsin","Saffran & Wilson (2003)",2,3,3,"Novel",4053.5,8.30733598442776,0.5,0,8.58532785343387,-0.277991869006105,-1.37039890074828,5352.54727868089
"Log-transformed","SS2M1.B","Wisconsin","Saffran & Wilson (2003)",4,5,5,"Familiar",5165,8.54966038155374,-0.5,-1,8.50294207640289,0.0467183051508506,0.230304268439386,4929.24975726654
"Log-transformed","SS2M1.B","Wisconsin","Saffran & Wilson (2003)",4,5,5,"Novel",5928.5,8.68752650889813,0.5,0,8.82320937815566,-0.135682869257534,-0.668867242576852,6790.02144015766
"Log-transformed","SS2M10.A","Wisconsin","Saffran & Wilson (2003)",2,3,3,"Familiar",5634,8.63657494843632,-0.5,-1,8.69068812582776,-0.0541131773914447,-0.266758301522856,5947.27330733261
"Log-transformed","SS2M10.A","Wisconsin","Saffran & Wilson (2003)",2,3,3,"Novel",6546.5,8.78668583466781,0.5,0,8.80218568598343,-0.0154998513156226,-0.0764086348303397,6648.76023859688
"Log-transformed","SS2M13.B","Wisconsin","Saffran & Wilson (2003)",1,2,2,"Familiar",13156.5,9.48467121205955,-0.5,-1,9.089563243664,0.395107968395546,1.94773871445231,8862.31453483994
"Log-transformed","SS2M13.B","Wisconsin","Saffran & Wilson (2003)",1,2,2,"Novel",7003.5,8.8541653030791,0.5,0,9.09667593302112,-0.242510629942014,-1.19548928492226,8925.57413134718
"Log-transformed","SS2M15.B","Wisconsin","Saffran & Wilson (2003)",1,2,2,"Familiar",5688.5,8.64620187197977,-0.5,-1,8.62238117349511,0.0238206984846627,0.11742738784105,5554.59711835615
"Log-transformed","SS2M15.B","Wisconsin","Saffran & Wilson (2003)",1,2,2,"Novel",4595,8.43272403478979,0.5,0,8.62949386285223,-0.196769828062438,-0.970003752416487,5594.24608038364
"Log-transformed","SS2M17.A","Wisconsin","Saffran & Wilson (2003)",0,1,1,"Familiar",10391.5,9.24874344325913,-0.5,-1,9.06574443404179,0.182999009217339,0.90211861939012,8653.71886429234
"Log-transformed","SS2M17.A","Wisconsin","Saffran & Wilson (2003)",0,1,1,"Novel",7085,8.86573515212478,0.5,0,8.96847225260035,-0.102737100475572,-0.506456573932019,7851.59718077879
"Log-transformed","SS2M18.A","Wisconsin","Saffran & Wilson (2003)",2,3,3,"Familiar",9680,9.17781718027062,-0.5,-1,8.93707634132969,0.240740838940933,1.186764858373,7608.9186233456
"Log-transformed","SS2M18.A","Wisconsin","Saffran & Wilson (2003)",2,3,3,"Novel",7405,8.9099107267019,0.5,0,9.04857390148536,-0.138663174783458,-0.6835590658709,8506.3983084896
"Log-transformed","SS2M19.A","Wisconsin","Saffran & Wilson (2003)",0,1,1,"Familiar",8078.5,8.99696149071688,-0.5,-1,8.74996265323869,0.246998837478198,1.217614517203,6310.45242872748
"Log-transformed","SS2M19.A","Wisconsin","Saffran & Wilson (2003)",0,1,1,"Novel",3889,8.26590733415575,0.5,0,8.65269047179725,-0.386783137641503,-1.90670032381504,5725.53040788979
"Log-transformed","SS2M2.A","Wisconsin","Saffran & Wilson (2003)",3,4,4,"Familiar",4985,8.51418868239594,-0.5,-1,8.57454402302142,-0.0603553406254775,-0.29752989806197,5295.1364273579
"Log-transformed","SS2M2.A","Wisconsin","Saffran & Wilson (2003)",3,4,4,"Novel",6348.5,8.75597384350985,0.5,0,8.79042645397563,-0.0344526104657881,-0.16983885060749,6571.03382153504
"Log-transformed","SS2M2.B","Wisconsin","Saffran & Wilson (2003)",1,2,2,"Familiar",5697.5,8.64778276111984,-0.5,-1,8.62256366827984,0.0252190928399987,0.124320963880581,5555.61089586327
"Log-transformed","SS2M2.B","Wisconsin","Saffran & Wilson (2003)",1,2,2,"Novel",4590,8.43163530305459,0.5,0,8.62967635763696,-0.198041054582365,-0.976270437236223,5595.26709427983
"Log-transformed","SS2M24.A","Wisconsin","Saffran & Wilson (2003)",0,1,1,"Familiar",7537.5,8.92764584103544,-0.5,-1,8.78083380031136,0.146812040724077,0.723730013918032,6508.30153546192
"Log-transformed","SS2M24.A","Wisconsin","Saffran & Wilson (2003)",0,1,1,"Novel",4530,8.41847721847708,0.5,0,8.68356161886993,-0.265084400392848,-1.30676977065074,5905.0406869983
"Log-transformed","SS2M25.A","Wisconsin","Saffran & Wilson (2003)",0,1,1,"Familiar",5707.5,8.64953637840395,-0.5,-1,8.7583177497461,-0.108781371342145,-0.536252633007381,6363.39774137474
"Log-transformed","SS2M25.A","Wisconsin","Saffran & Wilson (2003)",0,1,1,"Novel",5630,8.63586472113374,0.5,0,8.66104556830466,-0.0251808471709243,-0.124132426629311,5773.56816761318
"Log-transformed","SS2M27.A","Wisconsin","Saffran & Wilson (2003)",1,2,2,"Familiar",8417.5,9.03806815103523,-0.5,-1,8.93951322038303,0.0985549306522042,0.485839996371039,7627.48324844341
"Log-transformed","SS2M27.A","Wisconsin","Saffran & Wilson (2003)",1,2,2,"Novel",7303.5,8.89610896429087,0.5,0,8.94662590974014,-0.0505169454492762,-0.249030184804898,7681.92856414118
"Log-transformed","SS2M28.A","Wisconsin","Saffran & Wilson (2003)",0,1,1,"Familiar",8960,9.10052550596898,-0.5,-1,9.1408394347388,-0.0403139287698249,-0.198733020028724,9328.59259073577
"Log-transformed","SS2M28.A","Wisconsin","Saffran & Wilson (2003)",0,1,1,"Novel",10061.5,9.21647153790642,0.5,0,9.04356725329736,0.172904284609059,0.852355295174909,8463.91620003759
"Log-transformed","SS2M4.B","Wisconsin","Saffran & Wilson (2003)",1,2,2,"Familiar",9695,9.17936556767675,-0.5,-1,9.06182431151014,0.117541256166609,0.579435682126934,8619.86163159829
"Log-transformed","SS2M4.B","Wisconsin","Saffran & Wilson (2003)",1,2,2,"Novel",8819,9.08466376388818,0.5,0,9.06893700086726,0.0157267630209201,0.0775272270849204,8681.39058846611
"Log-transformed","SS2M5.B","Wisconsin","Saffran & Wilson (2003)",2,3,3,"Familiar",9432.5,9.15191645183847,-0.5,-1,9.00459436377205,0.147322088066412,0.726244361980672,8140.39809460659
"Log-transformed","SS2M5.B","Wisconsin","Saffran & Wilson (2003)",2,3,3,"Novel",9117,9.1178960815849,0.5,0,9.11609192392772,0.00180415765718145,0.0088938416760807,9100.56632356867
"Log-transformed","SS2M7.A","Wisconsin","Saffran & Wilson (2003)",2,3,3,"Familiar",7393,8.9082888855571,-0.5,-1,8.93971678287553,-0.0314278973184248,-0.15492811387607,7629.03607598832
"Log-transformed","SS2M7.A","Wisconsin","Saffran & Wilson (2003)",2,3,3,"Novel",9765,9.18655984331078,0.5,0,9.05121434303119,0.135345500279586,0.66720413610478,8528.88863511842
"Log-transformed","SS2M7.B","Wisconsin","Saffran & Wilson (2003)",2,3,3,"Familiar",4634,8.44117570499232,-0.5,-1,8.45170489621438,-0.0105291912220604,-0.0519050867497252,4683.05004763286
"Log-transformed","SS2M7.B","Wisconsin","Saffran & Wilson (2003)",2,3,3,"Novel",4178,8.33758794211651,0.5,0,8.56320245637005,-0.22561451425354,-1.11219757409207,5235.42056048967
"Log-transformed","SS2M9.B","Wisconsin","Saffran & Wilson (2003)",2,3,3,"Familiar",5957.5,8.6924062089729,-0.5,-1,8.70392424965078,-0.011518040677883,-0.0567797552503172,6026.51542558403
"Log-transformed","SS2M9.B","Wisconsin","Saffran & Wilson (2003)",2,3,3,"Novel",6416,8.76655014954635,0.5,0,8.81542180980645,-0.0488716602600974,-0.240919526666841,6737.34904523581
"Log-transformed","G3M2.P","Wisconsin","Saffran et al. (2008)",1,2,2,"Familiar",7633,8.94023623179847,-0.5,-1,8.7219059714984,0.218330260300071,1.07628884896894,6135.8627297127
"Log-transformed","G3M2.P","Wisconsin","Saffran et al. (2008)",1,2,2,"Novel",5457,8.60465446718623,0.5,0,8.72901866085552,-0.124364193669285,-0.61307028477546,6179.66079160495
"Log-transformed","G3M9.P","Wisconsin","Saffran et al. (2008)",2,3,3,"Familiar",5805,8.66647489413199,-0.5,-1,8.5081604902347,0.158314403897288,0.780432484767025,4955.03985555719
"Log-transformed","G3M9.P","Wisconsin","Saffran et al. (2008)",2,3,3,"Novel",4732,8.46210322509828,0.5,0,8.61965805039037,-0.157554825292095,-0.776688038250263,5539.49184270252
"Log-transformed","G3M11.P","Wisconsin","Saffran et al. (2008)",1,2,2,"Familiar",4104,8.31971738685061,-0.5,-1,8.51981266251594,-0.200095275665337,-0.98639700073631,5013.11452455864
"Log-transformed","G3M11.P","Wisconsin","Saffran et al. (2008)",1,2,2,"Novel",5885,8.68016201969438,0.5,0,8.52692535187306,0.153236667821318,0.755401091001165,5048.89835967547
"Log-transformed","G3F4.P","Wisconsin","Saffran et al. (2008)",1,2,2,"Familiar",6389,8.76233304060234,-0.5,-1,8.80870291476892,-0.0463698741665777,-0.228586630295719,6692.23323807994
"Log-transformed","G3F4.P","Wisconsin","Saffran et al. (2008)",1,2,2,"Novel",8239,9.01663425631559,0.5,0,8.81581560412604,0.200818652189554,0.989962984148553,6740.00269748121
"Log-transformed","G3M13.P","Wisconsin","Saffran et al. (2008)",5,6,6,"Familiar",3552,8.17526610411206,-0.5,-1,8.23120096059473,-0.0559348564826703,-0.275738517502039,3756.34226331459
"Log-transformed","G3M13.P","Wisconsin","Saffran et al. (2008)",5,6,6,"Novel",5924,8.68676717538769,0.5,0,8.65585313314605,0.030914042241637,0.152394995066187,5743.66698642271
"Log-transformed","G3F9.P","Wisconsin","Saffran et al. (2008)",3,4,4,"Familiar",4962,8.50956416425175,-0.5,-1,8.59582070656059,-0.0862565423088419,-0.425213410683566,5409.00646207753
"Log-transformed","G3F9.P","Wisconsin","Saffran et al. (2008)",3,4,4,"Novel",8230,9.01554129367111,0.5,0,8.81170313751481,0.203838156156309,1.00484804151242,6712.34157812771
"Log-transformed","G3M19.P","Wisconsin","Saffran et al. (2008)",1,2,2,"Familiar",3197,8.06996814905984,-0.5,-1,8.39352236165388,-0.323554212594043,-1.59500469872238,4418.35335549303
"Log-transformed","G3M19.P","Wisconsin","Saffran et al. (2008)",1,2,2,"Novel",5374,8.58932778917544,0.5,0,8.400635051011,0.188692738164436,0.930186634178313,4449.89175885212
"Log-transformed","G3F14.P","Wisconsin","Saffran et al. (2008)",3,4,4,"Familiar",3372,8.12326131912175,-0.5,-1,8.2118610767124,-0.0885997575906572,-0.436764610572602,3684.39302764185
"Log-transformed","G3F14.P","Wisconsin","Saffran et al. (2008)",3,4,4,"Novel",4300,8.36637030168165,0.5,0,8.42774350766662,-0.0613732059849674,-0.30254760442418,4572.17137435355
"Log-transformed","G3F18.P","Wisconsin","Saffran et al. (2008)",1,2,2,"Familiar",5848,8.67385500142962,-0.5,-1,8.64656431774221,0.0272906836874078,0.134533154007722,5690.56214640516
"Log-transformed","G3F18.P","Wisconsin","Saffran et al. (2008)",1,2,2,"Novel",5813,8.66785206770135,0.5,0,8.65367700709932,0.0141750606020263,0.0698778979993499,5731.18163286841
"Log-transformed","G3F20.P","Wisconsin","Saffran et al. (2008)",0,1,1,"Familiar",4313,8.36938899664784,-0.5,-1,8.55857229249404,-0.189183295846195,-0.932604905296243,5211.23573838659
"Log-transformed","G3F20.P","Wisconsin","Saffran et al. (2008)",0,1,1,"Novel",5297,8.57489590154453,0.5,0,8.4613001110526,0.113595790491924,0.559985970008164,4728.20118997889
"Log-transformed","G3M31.P","Wisconsin","Saffran et al. (2008)",2,3,3,"Familiar",3652,8.20303024171486,-0.5,-1,8.39288994360864,-0.189859701893775,-0.93593934132625,4415.55999248042
"Log-transformed","G3M31.P","Wisconsin","Saffran et al. (2008)",2,3,3,"Novel",5512,8.61468281269349,0.5,0,8.5043875037643,0.110295308929192,0.543715795194493,4936.37978146159
"Log-transformed","G3M27.P","Wisconsin","Saffran et al. (2008)",0,1,1,"Familiar",3425,8.13885675069633,-0.5,-1,8.44336848344746,-0.304511732751136,-1.50113219253168,4644.1724842873
"Log-transformed","G3M27.P","Wisconsin","Saffran et al. (2008)",0,1,1,"Novel",4889,8.49474306257865,0.5,0,8.34609630200602,0.148646760572621,0.732774516092197,4213.69958471171
